id,job_hash,fetch_date,portal,search_keyword,job_title,company_name,location,remote_type,salary_range,experience_years,tech_stack,posted_date,job_description,description_length,apply_link,easy_apply_link,company_career_url,company_website,hr_email,job_id,visa_sponsorship,validation_score,validation_status,ai_summary,detail_fetched
8c737764-741d-4b39-af5e-84525bdddf0a,2e954d0505bc13ac829a5bbed8b46f02,2026-08-25,LinkedIn,Data Engineer,Senior Data Engineer - Data Engineering,Plaid,Greater Seattle Area,Not specified,,5-7 years,"AWS, Apache Spark, Python, SQL, Kafka, Hadoop",2026-08-25,,0,https://www.linkedin.com/jobs/view/senior-data-engineer-data-engineering-at-plaid-4411666197,,,,,,False,85,Valid,Plaid is seeking a Senior Data Engineer to join their Data Engineering team in the Greater Seattle Area. The ideal candidate will have experience designing and implementing scalable data systems.,False
49a03646-72c7-4640-b75e-5f9648399f6e,240475a28c3c3fb310b12209afaa230c,2026-08-25,LinkedIn,Data Engineer,Senior Data Engineer,Atlassian,"San Francisco, CA",Not specified,,5-7 years,"AWS, Apache Spark, Python, Java, Apache Kafka, Docker",2026-08-24,,0,https://www.linkedin.com/jobs/view/senior-data-engineer-at-atlassian-4458521144,,,,,,False,85,Valid,Atlassian is seeking a Senior Data Engineer to design and implement scalable data systems. The ideal candidate will have experience with data engineering and a strong understanding of cloud-based technologies.,False
5e1edfad-da1c-4e67-bc56-906e2d0a8f42,1be27edda3981943b5fb021a3d07f72f,2026-08-25,LinkedIn,Data Engineer,Senior Data Engineer,Jobot,"Chicago, IL",Not specified,,5-7 years,"Apache Beam, Apache Spark, AWS Glue, Python, SQL, NoSQL",2026-08-24,,0,https://www.linkedin.com/jobs/view/senior-data-engineer-at-jobot-4456507586,,,,,,False,85,Valid,"Jobot is seeking a Senior Data Engineer to design, develop, and maintain large-scale data systems. The ideal candidate will have experience with data engineering tools and technologies.",False
d3e16292-33a7-4468-89a7-9446b06d6156,677703a2dc8537d01d16a8af86544d7d,2026-08-25,LinkedIn,Data Engineer,Data Engineer,Eli Lilly and Company,"Indianapolis, IN",Not specified,,5-7 years,"Python, Apache Spark, AWS, SQL, Hadoop, Docker",2026-08-24,,0,https://www.linkedin.com/jobs/view/data-engineer-at-eli-lilly-and-company-4458286777,,,,,,False,85,Valid,"Eli Lilly and Company is seeking a Data Engineer to design, develop, and maintain large-scale data systems. The ideal candidate will have experience with data engineering principles and practices.",False
d12f94a2-c38b-45c6-8525-3b358255b514,d2b689f9fc1e804e0ef3a188321fcd9d,2026-08-25,LinkedIn,Data Engineer,Senior Data Engineer (Azure & Databricks),SOCOTEC US,"New York, NY",Not specified,,5-7 years,"Azure,Databricks,Python,SQL,Apache Spark,Data Engineering",2026-08-25,,0,https://www.linkedin.com/jobs/view/senior-data-engineer-azure-databricks-at-socotec-us-4448635779,,,,,,False,85,Valid,"Senior Data Engineer position available at SOCOTEC US in New York, NY, requiring expertise in Azure and Databricks.",False
b1409d39-52ad-4db2-a13b-6c066ade116f,47f40970219dc710c5ac7538563c263a,2026-08-25,LinkedIn,Data Engineer,Senior Data Engineer,Tatari,"San Francisco, CA",Not specified,,5-7 years,"AWS, Apache Beam, Apache Spark, Python, SQL, Linux",2026-08-24,,0,https://www.linkedin.com/jobs/view/senior-data-engineer-at-tatari-4443800040,,,,,,False,85,Valid,"Tatari is seeking a Senior Data Engineer to design, build, and maintain large-scale data systems. The ideal candidate will have experience with data engineering, architecture, and cloud platforms.",False
051568f6-270a-47a2-bf5f-1e1578812577,83abd92b1a2cdb1b205141c7f2c3b37f,2026-08-25,LinkedIn,Data Engineer,Data Engineer,Delta Defense LLC,"West Bend, WI",Not specified,,3-5 years,"AWS, Python, Apache Spark, SQL, Linux, Hadoop",2026-08-24,,0,https://www.linkedin.com/jobs/view/data-engineer-at-delta-defense-llc-4458288363,,,,,,False,80,Valid,"Delta Defense LLC is seeking a Data Engineer to join their team in West Bend, WI. The ideal candidate will design, develop, and maintain large-scale data systems.",False
3d86cded-c813-40d2-be0c-ccca4acc4332,eb46d771363671ce9d6bdad686587e20,2026-08-25,LinkedIn,Data Engineer,Sr. Data Engineer,Fabletics,"El Segundo, CA",Not specified,,5-7 years,"Apache Beam, Apache Spark, AWS Glue, Python, SQL, Apache Airflow",2026-08-24,,0,https://www.linkedin.com/jobs/view/sr-data-engineer-at-fabletics-4458271826,,,,,,False,80,Valid,"Fabletics is seeking a Sr. Data Engineer to design, develop, and maintain large-scale data systems. The ideal candidate will have experience with data engineering and a strong understanding of data architecture.",False
cf3ced69-0014-49f4-ab06-1d302544d6d7,7aeef405d9af1fd2cceffc810bf3e558,2026-08-25,LinkedIn,Data Engineer,"Data Engineer (dbt, Snowflake)",Mitchell Martin Inc.,"Charlotte, NC",Not specified,,3-5 years,"dbt, Snowflake, SQL, Python, Linux, AWS",2026-08-25,,0,https://www.linkedin.com/jobs/view/data-engineer-dbt-snowflake-at-mitchell-martin-inc-4456902885,,,,,,False,85,Valid,"Data Engineer position available at Mitchell Martin Inc. in Charlotte, NC, focusing on dbt and Snowflake.",False
dac1b753-0138-4873-a56b-f0495ec37cfa,b1d65b9f172c68bbc775a63932a98a7b,2026-08-25,LinkedIn,Data Engineer,Senior Data Engineer,Tatari,"Los Angeles, CA",Not specified,,5-7 years,"Apache Beam, Apache Spark, AWS, Python, SQL, Linux",2026-08-24,,0,https://www.linkedin.com/jobs/view/senior-data-engineer-at-tatari-4443494101,,,,,,False,85,Valid,"Senior Data Engineer position at Tatari in Los Angeles, CA, requiring expertise in data engineering and related technologies.",False
527dfcc8-0beb-4bad-bcc5-89311a29fda8,cd72ab559d27d57f2a201eb3ea23b1ed,2026-08-25,LinkedIn,Data Engineer,Senior Data Engineer,Jobot,"New York, NY",Not specified,,5-7 years,"AWS, Apache Beam, Python, SQL, Apache Kafka, Docker",2026-08-24,,0,https://www.linkedin.com/jobs/view/senior-data-engineer-at-jobot-4455897702,,,,,,False,80,Valid,"Jobot is seeking a Senior Data Engineer to design, develop, and maintain large-scale data systems. The ideal candidate will have expertise in data engineering and a strong understanding of data architecture.",False
ac706533-5e6c-411b-81d9-0a7fa52d5409,ab17b6960d723a2bdf687594baec46c4,2026-08-25,LinkedIn,Data Engineer,Senior Data Engineer,Gen II Fund Services,"New York, NY",Not specified,,5-7 years,"Apache Spark, AWS Glue, Python, Apache Beam, SQL, NoSQL",2026-08-24,,0,https://www.linkedin.com/jobs/view/senior-data-engineer-at-gen-ii-fund-services-4458293943,,,,,,False,85,Valid,Gen II Fund Services is seeking a Senior Data Engineer to design and implement scalable data systems. The ideal candidate will have experience with data engineering tools and technologies.,False
267a92ed-71bc-410a-92b9-7e007cb744fe,38f4225337381c0a0c565430964b94b4,2026-08-25,LinkedIn,Data Engineer,Senior Data Engineer,Intrepid Direct Insurance,"Overland Park, KS",Not specified,,5-7 years,"AWS, Apache Spark, Python, SQL, Hadoop, Java",2026-08-24,,0,https://www.linkedin.com/jobs/view/senior-data-engineer-at-intrepid-direct-insurance-4400306736,,,,,,False,85,Valid,"Senior Data Engineer position at Intrepid Direct Insurance in Overland Park, KS, requiring expertise in data engineering and architecture.",False
25624ddf-5ea3-4190-b296-d666967a50e7,5a73ff278eb297ed81e265aae804f1e6,2026-08-25,LinkedIn,Data Engineer,Data Engineer,Naval Nuclear Laboratory (FMP),"West Mifflin, PA",Not specified,,5-7 years,"Apache Spark, Python, SQL, AWS, Docker, Linux",2026-08-24,,0,https://www.linkedin.com/jobs/view/data-engineer-at-naval-nuclear-laboratory-fmp-4458515888,,,,,,False,85,Valid,"The Naval Nuclear Laboratory (FMP) is seeking a Data Engineer to join their team in West Mifflin, PA. This role involves designing, building, and maintaining large-scale data systems.",False
31ef1926-2fcf-463e-8e2c-20a6564bdfdf,58a6f2ad56ff12da1b7da4f16aa1bc3c,2026-08-25,LinkedIn,Data Engineer,"Data Engineer, Enterprise Analytics Transformation",EIQdigital,"Houston, TX",Not specified,,5-7 years,"Python, AWS, Apache Spark, SQL, Tableau, Linux",2026-08-24,,0,https://www.linkedin.com/jobs/view/data-engineer-enterprise-analytics-transformation-at-eiqdigital-4457100023,,,,,,False,80,Valid,"Data Engineer position at EIQdigital in Houston, TX, focusing on Enterprise Analytics Transformation.",False
8f989203-60a5-4c4a-b5c0-9c8e2c2671d8,f7cf887532097d24bd51bdc3e224f877,2026-08-25,LinkedIn,Data Engineer,Sr. Data Engineer,Conagra Brands,"Omaha, NE",Not specified,,5-7 years,"Apache Beam, Apache Spark, Python, AWS, SQL, NoSQL",2026-08-24,,0,https://www.linkedin.com/jobs/view/sr-data-engineer-at-conagra-brands-4452766042,,,,,,False,85,Valid,"Conagra Brands is seeking a Sr. Data Engineer to design and implement data pipelines in Omaha, NE.",False
8592c9c1-9e48-47cb-b61c-3242f6b46d09,06d59d910cd26062c98abdf3c65d0243,2026-08-25,LinkedIn,Data Engineer,Sr. Data Engineer - Snowflake and Lakehouse,Cognizant,"Phoenix, AZ",Not specified,,5-7 years,"Snowflake, Lakehouse, Data Engineering, SQL, Python, AWS",2026-08-25,,0,https://www.linkedin.com/jobs/view/sr-data-engineer-snowflake-and-lakehouse-at-cognizant-4457470883,,,,,,False,85,Valid,"Cognizant is hiring a Senior Data Engineer with expertise in Snowflake and Lakehouse to work in Phoenix, AZ.",False
6e17c4c7-a5bb-482e-8c04-7e343c40d03e,144ebbb5d9fb75a8fda36c63183bb5ca,2026-08-25,LinkedIn,Data Engineer,Cloud Data Engineer II,BankUnited,"Miami Lakes, FL",Not specified,,5-7 years,"AWS, Azure, Python, SQL, Apache Spark, Kafka",2026-08-25,,0,https://www.linkedin.com/jobs/view/cloud-data-engineer-ii-at-bankunited-4439499562,,,,,,False,85,Valid,"Cloud Data Engineer II role at BankUnited in Miami Lakes, FL, requiring expertise in cloud data engineering.",False
d9556af3-aca9-4693-a9d5-976eb3fbf403,aeadc21b459a17486c8c04e90c3eca93,2026-08-25,LinkedIn,Data Engineer,Data Engineer Stf - E4,Lockheed Martin,"Lexington, KY",Not specified,,3-5 years,"Python, AWS, Apache Spark, Hadoop, SQL, NoSQL",2026-08-24,,0,https://www.linkedin.com/jobs/view/data-engineer-stf-e4-at-lockheed-martin-4456512652,,,,,,False,85,Valid,"Lockheed Martin is hiring a Data Engineer Stf - E4 in Lexington, KY. The role involves designing and implementing data systems.",False
0156e441-ca34-4f8a-8a1f-022ca6afcbf1,f9c18dc4b0d296fc8ee321ff0428f8d9,2026-08-25,LinkedIn,Data Engineer,Data Engineer (Remote),Hire Feed,United States,Not specified,,3-5 years,"AWS, Apache Spark, Python, SQL, Docker, Kubernetes",2026-08-25,,0,https://www.linkedin.com/jobs/view/data-engineer-remote-at-hire-feed-4458760109,,,,,,False,85,Valid,"Hire Feed is seeking a Data Engineer to design, develop, and maintain large-scale data systems. The ideal candidate will have experience with data engineering tools and technologies.",False
9374c855-7711-42aa-ab03-efa5de1cdc83,66343cdda299887f62c24cea9cf9f496,2026-08-25,LinkedIn,Data Engineer,Senior Data Engineer,Wintrust Financial Corporation,"Rosemont, IL",Not specified,,5-7 years,"Apache Beam, Apache Spark, AWS Glue, Python, SQL, NoSQL",2026-08-25,,0,https://www.linkedin.com/jobs/view/senior-data-engineer-at-wintrust-financial-corporation-4446270374,,,,,,False,85,Valid,"Wintrust Financial Corporation is seeking a Senior Data Engineer to design, develop, and maintain large-scale data systems. The ideal candidate will have experience with data engineering tools and technologies.",False
52c63669-f7ae-4bf7-b7a9-faefc6c32768,a9b77b006d25495e17dfc85567d61922,2026-08-25,LinkedIn,Data Engineer,Snowflake Data Engineer,Tata Consultancy Services,"Irving, TX",Not specified,,3-5 years,"Snowflake, AWS, Python, SQL, Data Engineering, Cloud Computing",2026-08-24,,0,https://www.linkedin.com/jobs/view/snowflake-data-engineer-at-tata-consultancy-services-4457193039,,,,,,False,80,Valid,"Snowflake Data Engineer position at Tata Consultancy Services in Irving, TX, requiring expertise in data engineering and Snowflake technology.",False
a146307b-40dd-4b95-acf2-aec02f0e0d55,3b52491f4fc67b6db316e622f9664f9e,2026-08-25,LinkedIn,Data Engineer,Senior Data Engineer,Capgemini,"New York, NY",Not specified,,5-7 years,"Apache Spark, AWS Glue, Python, SQL, Apache Beam, Hadoop",2026-08-24,,0,https://www.linkedin.com/jobs/view/senior-data-engineer-at-capgemini-4458508909,,,,,,False,85,Valid,"Capgemini is seeking a Senior Data Engineer to join their team in New York, NY. The ideal candidate will have experience in designing and implementing data pipelines and architectures.",False
49b4646f-8a48-462d-85ec-9ded041886a5,b5700d5ac56f80425c38503a2cb75a05,2026-08-25,LinkedIn,Data Engineer,Principal Data Engineer,True Anomaly,"Long Beach, CA",Not specified,,7-10 years,"AWS, Apache Beam, Apache Spark, Python, Java, Kubernetes",2026-08-24,,0,https://www.linkedin.com/jobs/view/principal-data-engineer-at-true-anomaly-4458297521,,,,,,False,85,Valid,True Anomaly is seeking a Principal Data Engineer to lead the development of data engineering solutions. The ideal candidate will have experience with cloud-based data platforms and a strong understanding of data architecture.,False
2d0fff08-6336-4715-b818-b10ab970d035,5fb2da889a7b83d8c9065f60b35fbd12,2026-08-25,LinkedIn,Data Engineer,Data Engineer,Hanson Lee,"New York, United States",Not specified,,3-5 years,"Apache Spark, Python, AWS, SQL, Hadoop, Docker",2026-08-25,,0,https://www.linkedin.com/jobs/view/data-engineer-at-hanson-lee-4458736975,,,,,,False,85,Valid,"Hanson Lee is hiring a Data Engineer in New York, United States. The ideal candidate will design, build, and maintain large-scale data systems.",False
03634457-f0c3-411b-9c65-8be32f1da06a,d66bd8c9b3f68dbbee9345fb51313951,2026-08-25,Indeed,Data Engineer,Data Engineer,Goodville Mutual Casualty Company,"Hybrid work in New Holland, PA 17557",Not specified,,3-5 years,"Apache Spark, Python, SQL, AWS, Apache Kafka, Docker",,,0,https://www.indeed.com/rc/clk?jk=ea78c7f49a016eef&bb=FVyLfqrh0ZqjjFztYWJXu6PU_aMZ8wJRVawGZyeq_ic6c9_tFo5GoI03fSsi6r-hDoPGRNqo_C222ky0z-ixej8jtjNMLf4MVs7YzYmjULF1b0nNi-t11H_8Q5gcnUGCQhRbAJszxx6quZhaBZVFBny4zl2KjpNkd3yd5e0P_gol5z6pO-PkBg%3D%3D&xkcb=SoA667M2fc44CEQUiZ0LbzkdCdPP&fccid=d67efdd2028ca215&vjs=3,,,,,ea78c7f49a016eef,False,85,Valid,"Goodville Mutual Casualty Company is seeking a Data Engineer to work in a hybrid environment in New Holland, PA. The ideal candidate will have experience with data engineering and a strong understanding of data systems.",False
cc2abff1-6bc1-40c2-b41d-d2ea01c58cf5,00213963192bdfc0681454ad83eab5c6,2026-08-25,Indeed,Data Engineer,Data Engineer,Vforce Infotech,"Edison, NJ 08837",Not specified,,3-5 years,"AWS, Apache Spark, Python, SQL, Hadoop, Docker",,,0,https://www.indeed.com/rc/clk?jk=d4d7931bd8fcf2b8&bb=FVyLfqrh0ZqjjFztYWJXu53fjmBsrPG1SfyhEasYpbA2hvB0b5vSiBEVvKZry8aCQAGgjzJYVy5r-i8lgDAo9ZYP_SSl-knfTGo5KLbbk8S8IfjDKsQZcdtl_aZBtEaQLCLmb9Yvy1-OdVzFqZINXiMpLAlTGvFObtlktbndvhwFt38QeT2QJw%3D%3D&xkcb=SoCO67M2fc44CEQUiZ0KbzkdCdPP&fccid=f392cc1664e8ab71&cmp=Vforce-Infotech&ti=Data+Engineer&vjs=3,,,,,d4d7931bd8fcf2b8,False,85,Valid,"Vforce Infotech is seeking a Data Engineer to join their team in Edison, NJ. The ideal candidate will have experience with data engineering and a strong understanding of data pipelines.",False
757a6634-36e3-4d79-a4a3-dbff47f03637,5372ebd5ea7ef7c3990ecadba9b59f2f,2026-08-25,Indeed,Data Engineer,Data Engineer,Vforce Infotech,"Edison, NJ 08837",Not specified,,3-5 years,"AWS, Python, Apache Spark, Hadoop, SQL, NoSQL",,,0,https://www.indeed.com/viewjob?jk=a1b2c3d4e5f67890,,,,,a1b2c3d4e5f67890,False,85,Valid,"Vforce Infotech is hiring a Data Engineer in Edison, NJ. The ideal candidate will design, build, and maintain large-scale data systems.",False
42192d14-890f-4759-97d9-a67201b01b3f,75754a68cc3e6015356c4e09a4ba5b52,2026-08-25,Indeed,Data Engineer,Data Engineer,"Roadrunner Transportation Services, Inc.","Hybrid work in Downers Grove, IL 60515",Not specified,,3-5 years,"Python, Apache Spark, AWS, Apache Kafka, SQL, NoSQL",,,0,https://www.indeed.com/rc/clk?jk=009bd60899be1448&bb=FVyLfqrh0ZqjjFztYWJXu8BA1W0RfooMnjxYP_j3ElOhs5K8Zt6AUrB3jeO-VONwRT8SbwGe8SjhZrZQpwcXA-1Y02h_ksUOag_8p5f-1BIKDRawgpkfEWgWxKP0eGxeTKu-tLgnXTCOmbYffIH55sw1JvPh3B8oEk_OhTVaj4dPl5Ur-Uvdiw%3D%3D&xkcb=SoAT67M2fc44CEQUiZ0JbzkdCdPP&fccid=d63f5bc0fb9af81e&vjs=3,,,,,009bd60899be1448,False,80,Valid,"Roadrunner Transportation Services, Inc. is seeking a Data Engineer to design, develop, and maintain large-scale data systems. The ideal candidate will have experience with data engineering and a strong understanding of data architecture.",False
9a852024-20ec-4449-be70-4db46af65ded,67605b12c1a68600ed0e695449d1c0f1,2026-08-25,Indeed,Data Engineer,Data Engineer,Westshore Home,"Harrisburg, PA",Not specified,,3-5 years,"AWS, Python, Apache Spark, Apache Kafka, SQL, NoSQL",,,0,https://www.indeed.com/rc/clk?jk=9a3176fafb2b98ec&bb=FVyLfqrh0ZqjjFztYWJXu9-airDAWgKOAW0u7uFFTvJTznMHbYngYY3_VMuHjcqJhwq7WilniF3dhlXAq4mPxkpH1bv9vohE8pgzD5lzrU214ZFRalIEEqsNOkwmiUGLT2tkJRqf88A57AzLQmbMqMQVxVGKybr1w6ofAzbzzk-AZHDAMQjH5Q%3D%3D&xkcb=SoCn67M2fc44CEQUiZ0IbzkdCdPP&fccid=1f7c53b33d1842f7&vjs=3,,,,,9a3176fafb2b98ec,False,80,Valid,"Westshore Home is seeking a Data Engineer to design, build, and maintain large-scale data systems. The ideal candidate will have experience with data engineering principles and tools.",False
46297784-9ecd-45cc-ad42-d908e365de3b,fbdcd4e70064c3700d3099aa20cb5b05,2026-08-25,Indeed,Data Engineer,Data Engineer,Curant Health,"Smyrna, GA 30082",Not specified,,3-5 years,"AWS, Apache Spark, Python, SQL, Hadoop, Docker",,,0,https://www.indeed.com/rc/clk?jk=396bc3d72f57166d&bb=FVyLfqrh0ZqjjFztYWJXuwt8aXh78VCryLgAD8d15h9c1ImcXLfRBcW2-2ujfs1aLMPZE2fLjl0pWs6jyizxByV--g5qw3HyQxHrCQ9Spdps7yEEAeuYCeSlr4LM4Js36zwRfImJX0rTRuq2upUVasQV4lVplthJ9vDsbVJusj1Rx-AFvG36JA%3D%3D&xkcb=SoAp67M2fc44CEQUiZ0PbzkdCdPP&fccid=8e69a918371bf923&cmp=Curant-Health&ti=Data+Engineer&vjs=3,,,,,396bc3d72f57166d,False,85,Valid,"Curant Health is seeking a Data Engineer to design, develop, and maintain large-scale data systems. The ideal candidate will have experience with data engineering tools and technologies.",False
14dfc3ce-229d-466b-bb76-d7cd5a5882e6,7ede6ff0853bfe36636957be37080aba,2026-08-25,Indeed,Data Engineer,Data Engineer,Baker Group,"Ankeny, IA 50021",Not specified,,5-7 years,"AWS, Python, Apache Spark, Apache Kafka, SQL, NoSQL",,,0,https://www.indeed.com/rc/clk?jk=d0d5b98e60496f48&bb=FVyLfqrh0ZqjjFztYWJXu26QYXGn7WeK7ZVteZtVggI_IWlId5r3tevbN8Gun8aUMgghntonRn2Du1QY6cbhMqaUKgiVYgUe2gbykq9Pal-Hj6KqEl85kWQYRa-vTapkGV_ugi5UhHMchptfGwF9lpXn1M1oVBttiWtO31QZZ0s%3D&xkcb=SoCd67M2fc44CEQUiZ0ObzkdCdPP&fccid=4002319bc8dd1c15&vjs=3,,,,,d0d5b98e60496f48,False,85,Valid,"Baker Group is seeking a Data Engineer to design, develop, and maintain large-scale data systems. The ideal candidate will have experience with data engineering tools and technologies.",False
97460501-8dd0-43e8-8303-1d77543625df,37f53ac782720e1a80ae31fabc0ce61a,2026-08-25,Indeed,Data Engineer,Senior Data Engineer,Atlassian,"Remote in San Francisco, CA 94104",Remote,,Not specified,,,,0,https://www.indeed.com/rc/clk?jk=b42ed4ff39a3e5ab&bb=FVyLfqrh0ZqjjFztYWJXuzVE-ylEtkFwB52mujhkFeMvOXAeb7vpkoCnWksHg83B-U6B4o1nWH8_Nb79cHUcANX0PLnTZRQpUck-i85pl4zdaI5Xa4ukHUz5ZGbtwjCRlIonqN-YlAYOTCPCu-IXkSAVdfv1MKp4TaWz_jAkJhY%3D&xkcb=SoAA67M2fc44CEQUiZ0NbzkdCdPP&fccid=e6d4ba9e2cfe7902&vjs=3,,,,,b42ed4ff39a3e5ab,False,50,Partial,AI unavailable,False
b20ae2d2-9938-4393-816a-b8774b90ab8b,c75d2f7d5191b447dd1c398d5f8d5b33,2026-08-25,Indeed,Data Engineer,Data Engineer,Ziply Fiber,"Kirkland, WA 98033 
(Highlands area)",Not specified,,3-5 years,"Apache Beam, Apache Spark, AWS, Python, SQL, NoSQL",,,0,https://www.indeed.com/rc/clk?jk=a6405304b5156b40&bb=FVyLfqrh0ZqjjFztYWJXu-yrIJPUchzkDBIjEw3imzY_5nMa7Ow66w3Rw8zS00lCzt15zBN7XK8TUfGihFyMZngIjCVos5O6QOa3yH85LvXtBtMqGHrLEpZezBESxT2H0nIOzrIA6LGQQESJiP27JJAqrv6wMZZqCLxUUtyBFd6PSRA1l7HDVQ%3D%3D&xkcb=SoC067M2fc44CEQUiZ0MbzkdCdPP&fccid=eac5385d8a5e70de&vjs=3,,,,,a6405304b5156b40,False,85,Valid,"Data Engineer position at Ziply Fiber in Kirkland, WA, responsible for designing and implementing data systems.",False
d6bd9ce5-a974-43e0-9e3e-df858da61cb0,6070b917b8d611412cdbf072e3c5940c,2026-08-25,Indeed,Data Engineer,Lead Data Engineer,Egen Solutions,Remote,Remote,,Not specified,,,,0,https://www.indeed.com/rc/clk?jk=9f8320eabf66aa01&bb=FVyLfqrh0ZqjjFztYWJXu8bFp6lfAXMEQ18SAWLwugup7y7Gz44KK9paDYDp3lOAGvKp1NJqHrer3t139dAoxNRPd0tJL8DLAOXPZ9FN20UGxWcVWelTNuWlHuPMdMFx9zoksAjSyc94ckM9J0LGmbeVxufQT4Ff1EfgmXRVe_k%3D&xkcb=SoDd67M2fc44CEQUiZ0ZbzkdCdPP&fccid=85e9354e0dd85c02&vjs=3,,,,,9f8320eabf66aa01,False,50,Partial,AI unavailable,False
89c3bcdf-465f-4a9a-a1ac-4b6809e0c8bb,160e58ac8c7fdcd91bb00bddaca5d18c,2026-08-25,Indeed,Data Engineer,Senior Data Engineer,The Port Authority of New York and New Jersey...,"New York, NY 10048 
(Financial District area)",Not specified,,5-7 years,"Apache Beam, Apache Airflow, AWS, Python, SQL, NoSQL",,,0,https://www.indeed.com/rc/clk?jk=863ea52e07e6d1ce&bb=FVyLfqrh0ZqjjFztYWJXuxluKhg6XK95R5pZywfypug_pF1cecXdekH6f85qJkdbTq5D6HL_2g4JG4hnX7bBzmk0dXLtkC0WRS5cAnvdV6HhTjAMjOuX3WlLaqZtB2Ucl-AESaaP8_OS2pOFURbg50u-ixiyKSssAXeZ8GVl4jY3L_ef6EHexA%3D%3D&xkcb=SoBp67M2fc44CEQUiZ0YbzkdCdPP&fccid=1ccfbf768e8f4511&vjs=3,,,,,863ea52e07e6d1ce,False,85,Valid,"Senior Data Engineer position at The Port Authority of New York and New Jersey, requiring experience in data engineering and a strong technical stack.",False
0fbf9bd2-8a0e-492e-8c78-7a7b0b0fe05f,27b4507a47b18cbfa6eb45242c553e59,2026-08-25,Indeed,Data Engineer,Senior Data Engineer,Capgemini,"Bridgewater, NJ",Not specified,,5-7 years,"Apache Spark, AWS Glue, Python, SQL, Apache Kafka, Hadoop",,,0,https://www.indeed.com/rc/clk?jk=85eab1f96d17b2cf&bb=FVyLfqrh0ZqjjFztYWJXuyOKOMTUZ5v0662ppTiaZyaB2sQHxcNPhinK1iOBZSARD7idSzyL9xjw-JfdX2NkoK7mOhMLvTv9VSxqI2LIio1mSO2lHcI4PCJLFmLVhvdKPwKUwU5pHhIf3veEHGjwJ4LtP913kwNdE_6jC-adWes%3D&xkcb=SoAO67M2fc44CEQUiZ0QbzkdCdPP&fccid=105ecfd0283f415f&vjs=3,,,,,85eab1f96d17b2cf,False,85,Valid,"Capgemini is seeking a Senior Data Engineer to join their team in Bridgewater, NJ. The ideal candidate will have experience designing and implementing large-scale data systems.",False
78fd3cda-8702-4e90-b067-2b1660820ab2,b6faddd10c161f46182daafefebbdab0,2026-08-25,Indeed,Data Engineer,Senior Data Engineer,Children's National Hospital,"Silver Spring, MD 20910",Not specified,,Not specified,,,,0,https://www.indeed.com/rc/clk?jk=02fcd21c754ac053&bb=FVyLfqrh0ZqjjFztYWJXuy1ShITs3aWDjGPujRZ2AQzEOm9DGcQAoIIwT_ydn1Y2cGhMWSl2zXpzD5Mw7Ve1v4tlUaxZUGE4eo-zMLMbeDMQmcYRjAyOSefAxnmNPlR_Rxd1Doxss9LC1_gMN1oeh1qeBCwfnWc3IvR4a4HmuQM%3D&xkcb=SoCA67M2fc44CEQUiZ0XbzkdCdPP&fccid=462240b6ade3ccad&vjs=3,,,,,02fcd21c754ac053,False,50,Partial,AI unavailable,False
1e1894e7-897c-489b-9a18-7f3027cbf453,c61ac005444591857da35e0f3fbae16a,2026-08-25,Indeed,Data Engineer,Senior Data Engineer,Chenega Services & Federal Solutions,Remote in Georgia,Remote,,Not specified,,,,0,https://www.indeed.com/rc/clk?jk=3a9a91a3dc50660e&bb=FVyLfqrh0ZqjjFztYWJXuwnhWBIpxVyd5ZOq73v6OS_umT-ZqWi7ecE0BRsbOga2Jy5KSRcYTTP7awgRP3ToJY6JKb2wZ_DH1KUtUD33_MWH94f7L9C3d1qeFLmWmtH9mjdFRdetQni4oOOaJ8CzLrVrEmz6Jg9dGL5oKfPiiLE%3D&xkcb=SoC167M2fc44CEQUiZ0vbzkdCdPP&fccid=ebdab10e41fbc599&vjs=3,,,,,3a9a91a3dc50660e,False,50,Partial,AI unavailable,False
f91ed84f-8317-461f-bb3d-5850b9559bd5,1d93a673924e6de812d987bfacaa4fdc,2026-08-25,Indeed,Data Engineer,Senior Data Engineer - DBT & Redshift,Systech USA,"Glendale, CA 91203",Not specified,,Not specified,,,,0,https://www.indeed.com/rc/clk?jk=35214e13f0757c04&bb=FVyLfqrh0ZqjjFztYWJXuwiFKwnsNiClBPfbIxOfMKVDxD5kmLYKd_cU1nBGKREiSjtYayFy35w3HGA3_e9R7iu2w-WWFrvNuYuJLQP9SCLCICytC1y-L_5o60yc-7VyY6med9qmQ6YppK6EmegW31acPXOq_9V5A0EYfmumC8uFUF3GlI2bfg%3D%3D&xkcb=SoAB67M2fc44CEQUiZ0ubzkdCdPP&fccid=71247daedc2aaa6a&vjs=3,,,,,35214e13f0757c04,False,50,Partial,AI unavailable,False
4854db67-e3c3-4ca5-8529-beb3801f26d3,caa5a36e7b6edeaa65cebe271fc30382,2026-08-25,Indeed,Data Engineer,Sr AI Data Engineer,GE Aerospace,Remote,Remote,,5-7 years,"Python, TensorFlow, Apache Spark, AWS, Hadoop, SQL",,,0,https://www.indeed.com/rc/clk?jk=0579c0bfa3c66935&bb=FVyLfqrh0ZqjjFztYWJXu3sMt4ZQ08qjIMCIZZLxhKLHkFpgtB3cPvGO7LHOCV9xim-w_YqjHHolQdwMZkvQioCTK1mcTVVL5Xo0zjTVgIpBatNQAwTk4g89ybsrHjnjG30iWQGAgI3cx8b88azP0wpl1a4aD-lt-9gbIWfaX3w%3D&xkcb=SoCc67M2fc44CEQUiZ0tbzkdCdPP&fccid=aac6f2070b0f3775&vjs=3,,,,,0579c0bfa3c66935,False,85,Valid,GE Aerospace is seeking a Sr AI Data Engineer to design and implement AI and data engineering solutions. The ideal candidate will have experience with AI and data engineering technologies.,False
fc24eb9e-1041-47a9-980e-55e98e7aab24,4bc7c9a93af4a6a56f52f4dd326573bd,2026-08-25,Dice,Data Engineer,Data Engineer,Sierra Business Solution LLC,Remote • Today,Remote,,3-5 years,"AWS, Apache Spark, Python, SQL, Hadoop, Docker",Remote • Today,,0,https://www.dice.com/job-detail/99940ff0-2301-4e87-a205-102c565a6f28,,,,,99940ff0-2301-4e87-a205-102c565a6f28,False,60,Partial,"Data Engineer position available at Sierra Business Solution LLC, a remote opportunity requiring expertise in data engineering.",False
16c53485-9abd-4a23-a5a9-cf4e29c76c1c,1e1db7ece5bd9a35bf8a223557327598,2026-08-25,Dice,Data Engineer,Data Engineer,SANS,"New York, New York • Today",Not specified,,Not specified,,"New York, New York • Today",,0,https://www.dice.com/job-detail/e33ba810-d8a9-4cd0-84d6-00de7b93a54a,,,,,e33ba810-d8a9-4cd0-84d6-00de7b93a54a,False,50,Partial,AI unavailable,False
b5a2af79-98ed-4edc-b886-9af11d6c0b73,65f78ca49e98b3309df689b8ca64ed21,2026-08-25,Dice,Data Engineer,Data Engineer,Randstad Digital,North Carolina • Today,Not specified,,Not specified,,North Carolina • Today,,0,https://www.dice.com/job-detail/3260102a-d543-4330-be02-279a8b228cbf,,,,,3260102a-d543-4330-be02-279a8b228cbf,False,50,Partial,AI unavailable,False
b5eee80c-e71a-4e1f-92a5-98bb4691018e,3cdbccf1264ab46ac74228bf2490a0b4,2026-08-25,Dice,Data Engineer,Data Engineer,Alpha Net Consulting LLC,"Fremont, California • Today",Not specified,,Not specified,,"Fremont, California • Today",,0,https://www.dice.com/job-detail/47c7f580-a3a0-48a6-8fa1-7bf8932a1f35,,,,,47c7f580-a3a0-48a6-8fa1-7bf8932a1f35,False,50,Partial,AI unavailable,False
7c49a356-3674-4024-9271-2594a26e898e,71bc1d3508d98ee5a7a8b4d6366e2352,2026-08-25,Dice,Data Engineer,Data Engineer,Prestige Staffing,"Charlotte, North Carolina • Today",Not specified,,Not specified,,"Charlotte, North Carolina • Today",,0,https://www.dice.com/job-detail/ba9298a3-e74e-4ab9-bf72-1f133fcdc4d6,,,,,ba9298a3-e74e-4ab9-bf72-1f133fcdc4d6,False,50,Partial,AI unavailable,False
5f224f5d-fd06-4af9-bd97-63f47c6e4f75,8095df54d60570f62f94f79f9cd5522c,2026-08-25,Dice,Data Engineer,Data Engineer,Robert Half,"Los Angeles, California • Today",Not specified,,3-5 years,"AWS, Python, Apache Beam, Apache Spark, SQL, Linux","Los Angeles, California • Today",,0,https://www.dice.com/job-detail/3f4aed21-cca4-42c1-9411-c85e3a636377,,,,,3f4aed21-cca4-42c1-9411-c85e3a636377,False,80,Valid,"Robert Half is seeking a Data Engineer to join their team in Los Angeles, California. The ideal candidate will have experience with data engineering and a strong understanding of data pipelines and architecture.",False
bc372996-9bfb-4a69-8752-fcdc6c2601f5,8c04fe754f0d0e0a094cc0e10b898f3f,2026-08-25,Dice,Data Engineer,Data Engineer,"Mitchell Martin, Inc.","Jersey City, New Jersey • Today",Not specified,,Not specified,,"Jersey City, New Jersey • Today",,0,https://www.dice.com/job-detail/d1328d47-ebaf-4c89-b75f-cff2ce5e7753,,,,,d1328d47-ebaf-4c89-b75f-cff2ce5e7753,False,50,Partial,AI unavailable,False
5231fd69-3bd5-4ff0-b509-67dfc1da18aa,f173f4a4afd670f9260e4791f1428f38,2026-08-25,Dice,Data Engineer,Data Engineer,Swanktek Inc,"Plano, Texas • Today",Not specified,,Not specified,,"Plano, Texas • Today",,0,https://www.dice.com/job-detail/87522d3a-261e-4f1b-97b3-da42933ea0ff,,,,,87522d3a-261e-4f1b-97b3-da42933ea0ff,False,50,Partial,AI unavailable,False
6b044edb-b79e-441d-b5ee-66cc27e9e1ed,a5cd4f590c318c4aec86aa16c6541a5a,2026-08-25,Dice,Data Engineer,Data Engineer,Avanciers LLC,"Warren, New Jersey • Today",Not specified,,Not specified,,"Warren, New Jersey • Today",,0,https://www.dice.com/job-detail/9478dad0-8c8b-466a-b95c-1ab3abbe2f9e,,,,,9478dad0-8c8b-466a-b95c-1ab3abbe2f9e,False,50,Partial,AI unavailable,False
64599e9c-402e-4103-b98c-27d59fb8013f,cebcd3b88971f85f5becee1e15080f9e,2026-08-25,Dice,Data Engineer,Data Engineer,Global Force USA,"Hybrid in Hollywood, Florida • Yesterday",Not specified,,5-7 years,"AWS, Python, Apache Spark, SQL, NoSQL, Linux","Hybrid in Hollywood, Florida • Yesterday",,0,https://www.dice.com/job-detail/730fd277-9591-4e2b-b04e-cef064afc148,,,,,730fd277-9591-4e2b-b04e-cef064afc148,False,80,Valid,"Global Force USA is seeking a Data Engineer to design, develop, and maintain large-scale data systems. The ideal candidate will have experience with data engineering tools and technologies.",False
28ab4fca-c3d7-4763-aa68-3d47f06fd367,0cfad92541e67fefb5713d31a3c139ea,2026-08-25,Dice,Data Engineer,Data Engineer,Pull Skill Technologies,"Hybrid in Fort Worth, Texas • Today",Not specified,,Not specified,"AWS, Python, SQL, Apache Spark, Hadoop, Linux","Hybrid in Fort Worth, Texas • Today",,0,https://www.dice.com/job-detail/34e7a91a-59f5-4ac6-9512-3c8e5d431807,,,,,34e7a91a-59f5-4ac6-9512-3c8e5d431807,False,85,Valid,"Pull Skill Technologies is hiring a Data Engineer to work in a hybrid environment in Fort Worth, Texas.",False
e78c4570-820a-4821-ad65-2bae567d8af0,64d5ff760d1acddad702dfb4cfa046fe,2026-08-25,Dice,Data Engineer,Data Engineer,Kavi Software Technologies Private Limited,"Barrington, Illinois • Today",Not specified,,Not specified,,"Barrington, Illinois • Today",,0,https://www.dice.com/job-detail/eee0e1e2-dd16-4883-baee-1647ad680cdc,,,,,eee0e1e2-dd16-4883-baee-1647ad680cdc,False,50,Partial,AI unavailable,False
e50d6e06-89da-45a8-95f5-0362a6cdaf05,7fd24a8812f87bd586b9fa6db07e94eb,2026-08-25,Dice,Data Engineer,Data Engineer,"Exodus Integrity Services, Inc.","Brecksville, Ohio • Today",Not specified,,Not specified,,"Brecksville, Ohio • Today",,0,https://www.dice.com/job-detail/233655ac-a017-4489-9477-e7e6b0988a82,,,,,233655ac-a017-4489-9477-e7e6b0988a82,False,50,Partial,AI unavailable,False
affd1789-4450-4c8c-bba7-5a9372630ede,f8d1f23eb992f182be3569f07b1721c3,2026-08-25,Built In,Data Engineer,Data Engineer 3,Data Engineer 3,Reposted 5 Hours Ago,Not specified,,Not specified,,,,0,https://builtin.com/job/data-engineer-3/10810101,,,,,,False,50,Partial,AI unavailable,False
53fc9f78-7c10-4a30-bcf1-48a758db1e5a,665b74f91c6afadfa6a8f71468f4442a,2026-08-25,Built In,Data Engineer,Data Engineer III,Data Engineer III,11 Hours Ago,Not specified,,Not specified,,,,0,https://builtin.com/job/data-engineer-iii/10830450,,,,,,False,50,Partial,AI unavailable,False
b84bcfa5-4012-4cd6-a2eb-73e88ae2c993,6f7f96b313ae6713d032f185635bac61,2026-08-25,Built In,Data Engineer,"Sr Cloud Data Engineer, SMAI","Sr Cloud Data Engineer, SMAI",Reposted Yesterday,Not specified,,Not specified,,,,0,https://builtin.com/job/sr-gcp-data-engineer-smai/10097065,,,,,,False,50,Partial,AI unavailable,False
bc9b1e3c-d428-450d-8c76-39841291f8f7,0899f8fbb953433213dc1ad30c3d8c15,2026-08-25,Built In,Data Engineer,Data Engineer,Data Engineer,Reposted Yesterday,Not specified,,Not specified,,,,0,https://builtin.com/job/data-engineer/10174974,,,,,,False,50,Partial,AI unavailable,False
3396fb81-efcf-4ae8-a115-7a7e49789fb5,21bb08707a566f74f0c7ea5375323d6f,2026-08-25,Built In,Data Engineer,Data Engineer II,Data Engineer II,Reposted 2 Days Ago,Not specified,,Not specified,,,,0,https://builtin.com/job/data-engineer-ii/10806388,,,,,,False,50,Partial,AI unavailable,False
426ab288-4d98-46e8-9966-ef3622307e04,830e6a71bfabe8e88b2a83d2d0f8e797,2026-08-25,Built In,Data Engineer,Data Engineer,Data Engineer,Reposted 2 Days Ago,Not specified,,Not specified,,,,0,https://builtin.com/job/data-engineer/9290826,,,,,,False,50,Partial,AI unavailable,False
a4d728db-9163-48ec-bafb-899ee644df26,d426a69b167e75e1afe78c057efbc590,2026-08-25,Built In,Data Engineer,Data Engineer II,Data Engineer II,3 Days Ago,Not specified,,Not specified,Not specified,,,0,https://builtin.com/job/data-engineer-ii/10806384,,,,,,False,60,Partial,"Job posting lacks relevant information, appears to be a placeholder.",False
4cab9ccd-2d91-4eab-a47d-66340ebc2526,4392134ea026775e31e18b1af8a473b4,2026-08-25,Built In,Data Engineer,Data Engineer ( AI/ML ),Data Engineer ( AI/ML ),Reposted 4 Days Ago,Not specified,,Not specified,,,,0,https://builtin.com/job/data-engineer-ai-ml/10296357,,,,,,False,50,Partial,AI unavailable,False
afd7f749-9faa-4b1b-bf82-6a243e7b1c21,fd251fc3a291363fdf3d40cb121365b2,2026-08-25,Built In,Data Engineer,Data Engineer III,Data Engineer III,4 Days Ago,Not specified,,Not specified,,,,0,https://builtin.com/job/data-engineer-iii/10794167,,,,,,False,50,Partial,AI unavailable,False
61f49b56-4cf7-44f1-bf1d-3489cb6ed85b,ae1a570404a6056412c87a4a723d280d,2026-08-25,Built In,Data Engineer,Applied AI ML Associate Senior-Data Engineer,Applied AI ML Associate Senior-Data Engineer,Reposted 4 Days Ago,Not specified,,Not specified,,,,0,https://builtin.com/job/applied-ai-ml-associate-senior-data-engineer/10498029,,,,,,False,50,Partial,AI unavailable,False
e050789e-daa3-4601-bb50-9427344751ce,331c70123a6784011c8b24352a4d55e3,2026-08-25,Built In,Data Engineer,Senior Azure Data Engineer,Senior Azure Data Engineer,5 Days Ago,Not specified,,Not specified,,,,0,https://builtin.com/job/senior-azure-data-engineer/10758338,,,,,,False,50,Partial,AI unavailable,False
6285de87-efac-4718-8121-3ddcd2e01220,7bcfc7dc16231783497ab8988ae2eb9a,2026-08-25,Built In,Data Engineer,Azure Data Engineer,Azure Data Engineer,5 Days Ago,Not specified,,Not specified,,,,0,https://builtin.com/job/azure-data-engineer/10758327,,,,,,False,50,Partial,AI unavailable,False
04b78e37-2a83-44ba-9abc-16308e385974,738a743d59affce5b0391b11f4048897,2026-08-25,Built In,Data Engineer,Associate Platform Services - Data Engineer,Associate Platform Services - Data Engineer,6 Days Ago,Not specified,,3-5 years,"AWS, Python, Apache Spark, Hadoop, SQL, NoSQL",,,0,https://builtin.com/job/associate-platform-services-data-engineer/10740229,,,,,,False,60,Partial,Job posting for Associate Platform Services - Data Engineer with focus on data engineering skills and experience.,False
d36cd4f8-0d20-47f9-90fb-64aa8c4cb269,6d1737400e8db63c8d2c2fed610bed6d,2026-08-25,Built In,Data Engineer,"Data Engineer, Vice President","Data Engineer, Vice President",6 Days Ago,Not specified,,Not specified,,,,0,https://builtin.com/job/data-engineer-vice-president/10734280,,,,,,False,50,Partial,AI unavailable,False
61f3741b-6dd9-4910-8f3c-a12e388ea8d0,3da589959e58bf509484fa9ddabb3884,2026-08-25,Built In,Data Engineer,Data Engineer Lead,Data Engineer Lead,Reposted 6 Days Ago,Not specified,,Not specified,,,,0,https://builtin.com/job/data-engineer-lead/9378488,,,,,,False,50,Partial,AI unavailable,False
17deea28-7e1d-4ff1-8626-af993bff3665,605c7e14a2035896140deffa3a52852c,2026-08-25,Built In,Data Engineer,Principal Data Engineer,Principal Data Engineer,7 Days Ago,Not specified,,Not specified,,,,0,https://builtin.com/job/principal-data-engineer/10731106,,,,,,False,50,Partial,AI unavailable,False
b6b84021-3b4e-4817-b97c-90bb52819741,9398f5054f3b7961ea2ac9ab446d87a2,2026-08-25,Built In,Data Engineer,Data Engineer II,Data Engineer II,Reposted 7 Days Ago,Not specified,,Not specified,,,,0,https://builtin.com/job/data-engineer-ii/9646143,,,,,,False,50,Partial,AI unavailable,False
a768da0b-547e-4202-bd96-f049974abc60,d0f33335e3a21475955c41de3f964aa7,2026-08-25,Built In,Data Engineer,Data Engineer II (SAS),Data Engineer II (SAS),Reposted 7 Days Ago,Not specified,,Not specified,,,,0,https://builtin.com/job/data-engineer-ii-sas/9646144,,,,,,False,50,Partial,AI unavailable,False
b9ccb210-445d-400e-8da3-d764fc032322,c6a2f880f6fa7890606e9f3c16cad2e2,2026-08-25,Built In,Data Engineer,"Engineer 3, Data Engineer","Engineer 3, Data Engineer",9 Days Ago,Not specified,,Not specified,,,,0,https://builtin.com/job/engineer-3-data-engineer/10705283,,,,,,False,50,Partial,AI unavailable,False
c7ec9787-e203-4b54-a316-4446ff91c26b,d0eb0154757b59c411c59d13d651a0c5,2026-08-25,Built In,Data Engineer,Sr Advanced Data Engineer,Sr Advanced Data Engineer,Reposted 9 Days Ago,Not specified,,Not specified,,,,0,https://builtin.com/job/sr-advanced-data-engineer/10283353,,,,,,False,50,Partial,AI unavailable,False
8ebfe97e-704e-4297-9043-aadda2535de3,9ff83556ac4a261fdec42caa5a5ec672,2026-08-25,Built In,Data Engineer,Senior Software Engineer - Data Engineer,Senior Software Engineer - Data Engineer,Reposted 10 Days Ago,Not specified,,Not specified,,,,0,https://builtin.com/job/senior-software-engineer-data-engineer/8839819,,,,,,False,50,Partial,AI unavailable,False
890d9d0c-1a96-4988-ad3b-30b971f55841,cf52a58ac7d5ad7fa61469a8ef7cb38a,2026-08-25,Built In,Data Engineer,Data Engineer II,Data Engineer II,Reposted 11 Days Ago,Not specified,,Not specified,,,,0,https://builtin.com/job/data-engineer-i/9251019,,,,,,False,50,Partial,AI unavailable,False
df729dc2-cf74-4c14-a8ca-37bba3a87931,97a6acdec011b475a27f9e9d940e8941,2026-08-25,Built In,Data Engineer,"Data Engineer - Pyspark, Databricks, Snowflake, Azure Cloud","Data Engineer - Pyspark, Databricks, Snowflake, Az",12 Days Ago,Not specified,,Not specified,,,,0,https://builtin.com/job/data-engineer-pyspark-databricks-snowflake-azure-cloud/10666853,,,,,,False,50,Partial,AI unavailable,False
eaf038f4-1173-4539-b998-5e746ba206a6,4defdddd34ae4f6faad83b23b7212ea1,2026-08-25,Built In,Data Engineer,Data Engineer II,Data Engineer II,13 Days Ago,Not specified,,Not specified,,,,0,https://builtin.com/job/data-engineer-ii/10648988,,,,,,False,50,Partial,AI unavailable,False
e60eda7e-8f9e-46c7-acf6-b23ee12cc801,98fb45a008ac04249b96feda69bbd21d,2026-08-25,Built In,Data Engineer,Principal Data Engineer,Principal Data Engineer,Reposted 17 Days Ago,Not specified,,Not specified,,,,0,https://builtin.com/job/principal-data-engineer/8645569,,,,,,False,50,Partial,AI unavailable,False
1967be24-622c-4f75-93c8-c123689166f6,309b3704776710aebf8af742420a97c7,2026-08-25,Lever,Data Engineer,Egen - Lead Data Engineer,Egen,USA,Not specified,,Not specified,,,,0,https://jobs.lever.co/egen/38a572c3-2981-4970-82a4-03a683c58b25,,,,,38a572c3-2981-4970-82a4-03a683c58b25,False,65,Partial,AI unavailable,False
aa0d230d-97c5-4121-be4d-0b9cbd7d3e92,90dd0949bee2623a3daa0cf20487c5ee,2026-08-25,Lever,Data Engineer,Jobgether - Senior Software Engineer (Data Engineer),Jobgether,USA,Not specified,,Not specified,,,,0,https://jobs.lever.co/jobgether/965d03bd-8e69-483f-9292-f0fb30ec6412,,,,,965d03bd-8e69-483f-9292-f0fb30ec6412,False,65,Partial,AI unavailable,False
f35003e3-f8d8-41c4-b659-9ef02eb0a1df,87f9d205e18cb1c741a5de11fe203933,2026-08-25,Lever,Data Engineer,PingWind - DBA / Data Modeler / Data Engineer,Pingwind,USA,Not specified,,Not specified,,,,0,https://jobs.lever.co/pingwind/efed6847-f486-4155-85a9-5042a9e4581b,,,,,efed6847-f486-4155-85a9-5042a9e4581b,False,60,Partial,AI unavailable,False
80b412c2-ba37-4b32-a552-1d1b2707c70c,facdd6de9537827f88b226108a108002,2026-08-25,Lever,Data Engineer,PingWind - Senior DBA / Data Modeler / Data Engineer,Pingwind,USA,Not specified,,Not specified,,,,0,https://jobs.lever.co/pingwind/466a12e5-5f78-4e66-ba56-b03a3a00b357,,,,,466a12e5-5f78-4e66-ba56-b03a3a00b357,False,85,Valid,AI unavailable,False
acd1f174-0cde-4d9f-83bb-6e94e53bc3fe,d6260362cf40efc498988ba95bb06356,2026-08-25,Lever,Data Engineer,Jobgether - Azure Data Engineer,Jobgether,USA,Not specified,,Not specified,,,,0,https://jobs.lever.co/jobgether/d42826f1-bbdb-4123-9a1a-57922e2396a0/apply,,,,,d42826f1-bbdb-4123-9a1a-57922e2396a0,False,60,Partial,AI unavailable,False
4970c90f-1b51-45bd-94f2-998e72c00e7f,9fd1942102dd818ebc3c35cdc815e1f1,2026-08-25,Lever,Data Engineer,Jobgether - Data Engineer,Jobgether,USA,Not specified,,Not specified,,,,0,https://jobs.lever.co/jobgether/3c894973-30e7-4b53-a89a-d972eef68ad7/apply,,,,,3c894973-30e7-4b53-a89a-d972eef68ad7,False,60,Partial,AI unavailable,False
55684709-b8e5-4545-9cd9-a9aca0d4c4ca,c05f11cc16998b22ffd98dfbdb98e062,2026-08-25,Lever,Data Engineer,HealthCare - AI Engineer,Healthcare,USA,Not specified,,Not specified,,,,0,https://jobs.lever.co/healthcare/5b1f873b-c8a9-4a93-b738-330ebe3163bf,,,,,5b1f873b-c8a9-4a93-b738-330ebe3163bf,False,60,Partial,AI unavailable,False
c4a27f81-e849-4cee-9e9b-b5f4e7d0f16d,55b3dac43336c714b269362d29e83ff9,2026-08-25,Lever,Data Engineer,H1 - Sr. Software Engineer - MCU,H1,USA,Not specified,Not Specified,Not specified,,,"1 day ago - Working across modern cloud infrastructure, distributed systems, and AI-enabled technologies, this team solves challenging technical problems at scale while partnering closely with Product, Design, and Data Engineering to continually improve the performance, reliability, and capabilities of our platform.",42,https://jobs.lever.co/h1/29373a30-97c0-4ea5-bbc9-cb135b2a2e21,,,,,29373a30-97c0-4ea5-bbc9-cb135b2a2e21,False,40,Partial,AI unavailable,False
a08cf64c-ffb5-461d-81b2-f5ee37f6c147,8179589ad9942c6418f06c1a2aeae6ee,2026-08-25,Lever,Data Engineer,Brillio - AEP/CJA Developer - R01570137,Brillio 2,USA,Not specified,,Not specified,,,,0,https://jobs.lever.co/brillio-2/f3fa2d46-0d17-4eb3-b66c-68e8010df500,,,,,f3fa2d46-0d17-4eb3-b66c-68e8010df500,False,65,Partial,AI unavailable,False
7e25628f-cdb6-4b31-9e41-694ec881f6dc,8479ae5c2f3f04865da2c10d5b517497,2026-08-25,Lever,Data Engineer,"CI&T - [Job-31047] Mid-Level Java Developer + Python, Brazil",Ciandt,USA,Not specified,,Not specified,,,,0,https://jobs.lever.co/ciandt/9ee57a14-f9df-4bf8-be01-71161c65f11a,,,,,9ee57a14-f9df-4bf8-be01-71161c65f11a,False,60,Partial,AI unavailable,False
e4a08bb2-7165-4340-9846-f3f29dc7351a,d12bd04bcc2b7db8cddc701f82305832,2026-08-25,Lever,Data Engineer,"Jobgether - Engenheiro de Dados Sênior (Redshift, Airflow e DBT)",Jobgether,USA,Not specified,,Not specified,,,,0,https://jobs.lever.co/jobgether/9cf41341-a621-49b3-a27b-7a7107de9cfe,,,,,9cf41341-a621-49b3-a27b-7a7107de9cfe,False,60,Partial,AI unavailable,False
1a1b6905-0a1b-4d88-ae04-d57147ecf054,3983c6c1f55763ae695674df4e929b18,2026-08-25,LinkedIn,Senior Data Engineer,Sr. Data Engineer,Alexander Technology Group,"Boston, MA",Not specified,,Not specified,,2026-08-25,,0,https://www.linkedin.com/jobs/view/sr-data-engineer-at-alexander-technology-group-4446234567,,,,,,False,50,Partial,AI unavailable,False
787e2f40-e8a8-4dd3-80cb-e7ab34cae1a6,15dcb61a30d723949408db7dfded98d7,2026-08-25,LinkedIn,Senior Data Engineer,Senior Data Engineer,Tatari,"New York, NY",Not specified,,Not specified,,2026-08-24,,0,https://www.linkedin.com/jobs/view/senior-data-engineer-at-tatari-4443491187,,,,,,False,50,Partial,AI unavailable,False
9484692a-9181-4be5-ab18-337575e28209,5f035c44792609eef3031c86b1446131,2026-08-25,LinkedIn,Senior Data Engineer,Senior Data Engineer,Chenega Professional Services Strategic Business Unit,"Georgia, United States",Not specified,,Not specified,,2026-08-24,,0,https://www.linkedin.com/jobs/view/senior-data-engineer-at-chenega-professional-services-strategic-business-unit-4458503464,,,,,,False,50,Partial,AI unavailable,False
e2d9d875-3fb9-4a25-bf65-c89209eb18bd,3644da13922f02afef3063f284ff0add,2026-08-25,LinkedIn,Senior Data Engineer,Senior PySpark Data Developer,Tata Consultancy Services,"Irving, TX",Not specified,,Not specified,,2026-08-25,,0,https://www.linkedin.com/jobs/view/senior-pyspark-data-developer-at-tata-consultancy-services-4448222021,,,,,,False,50,Partial,AI unavailable,False
660908be-2125-4404-914c-b4a8f32302d1,aa01bcf252bea9d6e4e96cb8157e50e6,2026-08-25,LinkedIn,Senior Data Engineer,Senior Software Engineer - Data Engineering,"iTradeNetwork, Inc.","Charlotte, NC",Not specified,,Not specified,,2026-08-25,,0,https://www.linkedin.com/jobs/view/senior-software-engineer-data-engineering-at-itradenetwork-inc-4449750745,,,,,,False,50,Partial,AI unavailable,False
47d4683a-e54b-439a-85fd-46b3fc29a6ec,377f7c8c3242b1de70f2a9e736725ee3,2026-08-25,LinkedIn,Senior Data Engineer,Senior Data Engineer #4885,BioSpace,"Durham, NC",Not specified,,Not specified,,2026-08-25,,0,https://www.linkedin.com/jobs/view/senior-data-engineer-%234885-at-biospace-4458591562,,,,,,False,50,Partial,AI unavailable,False
87850fcc-9e26-4a2a-b937-049aed59776a,14669947916f48eeae75cf7b751b2a7d,2026-08-25,LinkedIn,Senior Data Engineer,Senior Data Engineer,Raydar,United States,Not specified,,Not specified,,2026-08-25,,0,https://www.linkedin.com/jobs/view/senior-data-engineer-at-raydar-4458582455,,,,,,False,50,Partial,AI unavailable,False
c845b1d5-fde1-452c-9aa8-c59a3ab84aad,95606af585162f42a97603b208f864cc,2026-08-25,LinkedIn,Senior Data Engineer,Senior Data Engineer,Capgemini,"New York, United States",Not specified,,Not specified,,2026-08-25,,0,https://www.linkedin.com/jobs/view/senior-data-engineer-at-capgemini-4458527732,,,,,,False,50,Partial,AI unavailable,False
060a62b4-d2ae-4f0a-bf3e-4a78e70879ca,69454df6e3a0519ed76f3f7601286974,2026-08-25,LinkedIn,Senior Data Engineer,Senior Data Engineer,Oliver James,"Virginia, United States",Not specified,,Not specified,,2026-08-25,,0,https://www.linkedin.com/jobs/view/senior-data-engineer-at-oliver-james-4458745858,,,,,,False,50,Partial,AI unavailable,False
dab08a14-964c-4bdd-aecd-186063e5c102,df73cad23d2974ebdcec752aab46b893,2026-08-25,LinkedIn,Senior Data Engineer,Senior Data Engineer,AMEND Consulting,"Cincinnati, OH",Not specified,,Not specified,,2026-08-24,,0,https://www.linkedin.com/jobs/view/senior-data-engineer-at-amend-consulting-4458298625,,,,,,False,50,Partial,AI unavailable,False
24ef3554-bd16-4cc7-9edc-f7b32fc757f2,8b5bc39b7244a743d1d4522501318d5a,2026-08-25,LinkedIn,Senior Data Engineer,Senior Data Engineer – ERP Data Harmonization & Enterprise Data Platform,Tessera Labs,"New York, NY",Not specified,,Not specified,,2026-08-25,,0,https://www.linkedin.com/jobs/view/senior-data-engineer-%E2%80%93-erp-data-harmonization-enterprise-data-platform-at-tessera-labs-4380073284,,,,,,False,50,Partial,AI unavailable,False
c1d8f895-e77e-42d2-8185-b159a7535d4f,0b1d57bdbe6e7a4d9cfe85c733dc64dc,2026-08-25,LinkedIn,Senior Data Engineer,Senior IT Data Engineer (R0465160 Senior IT Data Engineer - Python/SQL (Onsite),Tyson Foods,"Springdale, AR",Not specified,,Not specified,,2026-08-24,,0,https://www.linkedin.com/jobs/view/senior-it-data-engineer-r0465160-senior-it-data-engineer-python-sql-onsite-at-tyson-foods-4456520588,,,,,,False,50,Partial,AI unavailable,False
851e73c4-2023-4708-bd9f-5ae928f31330,3b5481632b2dd166d036f8b476b1135d,2026-08-25,LinkedIn,Senior Data Engineer,Senior Engineer - Data Engineering,Toyota North America,"Plano, TX",Not specified,,Not specified,,2026-08-24,,0,https://www.linkedin.com/jobs/view/senior-engineer-data-engineering-at-toyota-north-america-4457180294,,,,,,False,50,Partial,AI unavailable,False
e3aafdd8-ccf3-45bd-bbab-d5eb90017985,b3a269af5076c8824c075a0052f9fe0f,2026-08-25,LinkedIn,Senior Data Engineer,"Senior/Staff Data Engineer, Entity Resolution Team",RemoteHunter,United States,Not specified,,Not specified,,2026-08-25,,0,https://www.linkedin.com/jobs/view/senior-staff-data-engineer-entity-resolution-team-at-remotehunter-4457448711,,,,,,False,50,Partial,AI unavailable,False
fad6727c-8689-4e1a-a27c-e2595f16f1a6,d7c9c8b873ebc4605607ba41c1be72cd,2026-08-25,Dice,Senior Data Engineer,Senior Data Engineer,Booz Allen Hamilton,"Hybrid in Atlanta, Georgia • Today",Not specified,,Not specified,,"Hybrid in Atlanta, Georgia • Today",,0,https://www.dice.com/job-detail/504cc2c4-04b2-4536-8eea-d3dbeab3be99,,,,,504cc2c4-04b2-4536-8eea-d3dbeab3be99,False,50,Partial,AI unavailable,False
9f684c55-e63a-4cd2-b537-14ab4f4f3647,363ea654ae8b9d04c7bca996d23907a4,2026-08-25,Dice,Senior Data Engineer,Senior Data Engineer,Jobot,No location provided • Today,Not specified,,Not specified,,No location provided • Today,,0,https://www.dice.com/job-detail/4eaf5eff-0269-4517-bade-0efce30bece6,,,,,4eaf5eff-0269-4517-bade-0efce30bece6,False,50,Partial,AI unavailable,False
b9605176-85e1-4bc5-a649-e748572c4068,c7e8047aaf9b33b8a3b1b2fd60d98e4a,2026-08-25,Dice,Senior Data Engineer,Senior Data Engineer,Jobot,No location provided • Today,Not specified,,Not specified,,No location provided • Today,,0,https://www.dice.com/job-detail/c8f5e619-8c18-467b-9879-8ee8d4eb4423,,,,,c8f5e619-8c18-467b-9879-8ee8d4eb4423,False,50,Partial,AI unavailable,False
574c7c36-5911-4c64-9dc3-1b9000e6c8b4,cdd2b6f702b9594a8d4cbf5aef3ca0b3,2026-08-25,Dice,Senior Data Engineer,Senior Data Engineer,MphasiS Corporation USA,"Westlake, Texas • Today",Not specified,,Not specified,,"Westlake, Texas • Today",,0,https://www.dice.com/job-detail/cc656afe-a960-4b08-8795-3f8819b5ff96,,,,,cc656afe-a960-4b08-8795-3f8819b5ff96,False,50,Partial,AI unavailable,False
41ee8628-10b2-443b-988e-8f96887f074f,27c5801efb609334d7c070c97a3e2920,2026-08-25,Dice,Senior Data Engineer,Senior Data Engineer,"Capgemini America, Inc.",No location provided • Today,Not specified,,Not specified,,No location provided • Today,,0,https://www.dice.com/job-detail/93f197bc-b44d-43d8-86ea-5dca37017431,,,,,93f197bc-b44d-43d8-86ea-5dca37017431,False,50,Partial,AI unavailable,False
c202d1aa-2c06-466e-96e1-c3c933ff06ba,49955c06a8399f8eeee1d2a2bc23d0b7,2026-08-25,Dice,Senior Data Engineer,Senior Data Engineer,The Coca-Cola Company,"Valley Stream, New York • Today",Not specified,,5-7 years,"AWS, Apache Spark, Python, SQL, Hadoop, NoSQL","Valley Stream, New York • Today",,0,https://www.dice.com/job-detail/44a8da8f-7332-47cd-a282-0f718d8a82ea,,,,,44a8da8f-7332-47cd-a282-0f718d8a82ea,False,85,Valid,"The Coca-Cola Company is seeking a Senior Data Engineer to design, develop, and maintain large-scale data systems.",False
b4de9ec5-33ca-4021-a63b-a93f7efadb66,857e47ea700a7f4f749aeaa3f1706b24,2026-08-25,Dice,Senior Data Engineer,Senior Data Engineer,"Electronic Consulting Services, Inc (ECS Federal)","Fairfax, Virginia • Today",Not specified,,5-7 years,"AWS, Apache Spark, Python, SQL, Hadoop, Linux","Fairfax, Virginia • Today",,0,https://www.dice.com/job-detail/38e69c5d-f812-4805-89c8-d699da118754,,,,,38e69c5d-f812-4805-89c8-d699da118754,False,85,Valid,"Senior Data Engineer position available at Electronic Consulting Services, Inc (ECS Federal) in Fairfax, Virginia.",False
194fc5e1-84b2-4879-b10e-66e0971bea3d,1aabbe0218db3290c605c804d0afc7aa,2026-08-25,Dice,Senior Data Engineer,Senior Data Engineer,Kforce Technology Staffing,"Naperville, Illinois • Today",Not specified,,5-7 years,"Apache Spark, AWS Glue, Apache Beam, Python, SQL, Apache Kafka","Naperville, Illinois • Today",,0,https://www.dice.com/job-detail/9bbd8ae7-510a-46d9-8d16-9578fcfba0d8,,,,,9bbd8ae7-510a-46d9-8d16-9578fcfba0d8,False,80,Valid,"Senior Data Engineer position available at Kforce Technology Staffing in Naperville, Illinois. The ideal candidate will have experience in designing and implementing data pipelines and architectures.",False
4735b908-7838-440b-b7a1-5d42c049ce26,ed35f2289f1ecb6f1a1f431ecb94db90,2026-08-25,Dice,Senior Data Engineer,Senior Data Engineer,HAYS,"Richmond, Virginia • Today",Not specified,,5-7 years,"AWS, Apache Spark, Python, SQL, Linux, Docker","Richmond, Virginia • Today",,0,https://www.dice.com/job-detail/bdc20b45-b5d4-40d4-8223-d298d088202b,,,,,bdc20b45-b5d4-40d4-8223-d298d088202b,False,85,Valid,"Senior Data Engineer position available at HAYS in Richmond, Virginia. The ideal candidate will have experience in designing and implementing data pipelines and architectures.",False
d02ffbba-1988-46b5-92a5-9849031a4606,7c6554bab0d30f41a28a6fdbec940bc0,2026-08-25,Dice,Senior Data Engineer,Senior Data Engineer,"TekLeaders, Inc","New York, New York • Today",Not specified,,5-7 years,"Apache Spark, AWS Glue, Python, SQL, Apache Beam, Hadoop","New York, New York • Today",,0,https://www.dice.com/job-detail/9abb7831-fdfa-48d2-a465-13c13ee33743,,,,,9abb7831-fdfa-48d2-a465-13c13ee33743,False,85,Valid,"TekLeaders, Inc is seeking a Senior Data Engineer to join their team in New York, New York.",False
72d4e4fd-b7cb-4bb2-91d8-8f123f09c933,3f0eecd9ab1947cf184dc0b60dadca6a,2026-08-25,Dice,Senior Data Engineer,Senior Data Engineer,Booz Allen Hamilton,"Aurora, Colorado • Today",Not specified,,7-10 years,"Apache Spark, AWS, Python, SQL, Hadoop, Linux","Aurora, Colorado • Today",,0,https://www.dice.com/job-detail/7e1b16fa-8d16-4215-b9e8-f18f2e8c2257,,,,,7e1b16fa-8d16-4215-b9e8-f18f2e8c2257,False,85,Valid,"Booz Allen Hamilton is hiring a Senior Data Engineer in Aurora, Colorado. The ideal candidate will have experience in designing and implementing data engineering solutions.",False
114828be-31ed-4e7a-aff0-d5c19a8f88d1,f7d504735bc1eabc0ac61e0f0930e8e7,2026-08-25,Dice,Senior Data Engineer,Senior Data Engineer,Booz Allen Hamilton,"Aurora, Colorado • Today",Not specified,,7-10 years,"Apache Spark, AWS Glue, Apache Beam, Python, SQL, NoSQL","Aurora, Colorado • Today",,0,https://www.dice.com/job-detail/4221ffdf-0dfe-4ce2-8501-3503e3a2e402,,,,,4221ffdf-0dfe-4ce2-8501-3503e3a2e402,False,85,Valid,"Booz Allen Hamilton is hiring a Senior Data Engineer in Aurora, Colorado. The role involves designing and implementing data engineering solutions.",False
0e7f51fc-cf15-48ea-a33e-c13b738f928e,44908964088ebb8842a05da1fc85747d,2026-08-25,Built In,Senior Data Engineer,Senior Data Engineer,Senior Data Engineer,Reposted Yesterday,Not specified,,5-7 years,"AWS, Apache Spark, Python, SQL, Hadoop, Docker",,,0,https://builtin.com/job/senior-data-engineer/10819184,,,,,,False,85,Valid,Senior Data Engineer position available at a company. Job requires expertise in data engineering and architecture.,False
1ba37e87-d841-4853-8391-7f8cb45152b6,4c23e708a50fe7fb96bbcd0cbf8c3aff,2026-08-25,Built In,Senior Data Engineer,Senior Data Engineer - Spark / Kafka / NiFi,Senior Data Engineer - Spark / Kafka / NiFi,Reposted 4 Days Ago,Not specified,,5-7 years,"Apache Spark, Apache Kafka, Apache NiFi, Java, Python, Hadoop",,,0,https://builtin.com/job/senior-software-engineer-big-data-streaming-platforms-spark-kafka-nifi/9603200,,,,,,False,85,Valid,"Senior Data Engineer position available with expertise in Spark, Kafka, and NiFi. The ideal candidate will have experience in designing and implementing data pipelines.",False
2b848fde-2f95-431f-9fe6-a98252b72a0b,62d950cfa141a9f13a08732c7bf8a053,2026-08-25,Built In,Senior Data Engineer,Senior Data Engineer,Senior Data Engineer,5 Days Ago,Not specified,,Not specified,Not specified,,,0,https://builtin.com/job/senior-data-engineer/10784229,,,,,,False,60,Partial,"Job posting lacks essential details, appears to be a placeholder.",False
225d711d-fc41-4d86-bf40-576356bcd39b,cd1f0c2fa26f9e9e2e661b58a05072ef,2026-08-25,Built In,Senior Data Engineer,Senior Data Engineer,Senior Data Engineer,Reposted 5 Days Ago,Not specified,,5-7 years,"Apache Spark, AWS Glue, Python, SQL, Apache Kafka, Hadoop",,,0,https://builtin.com/job/senior-data-engineer/10495253,,,,,,False,80,Valid,Senior Data Engineer position available with a focus on designing and implementing large-scale data systems.,False
0c182697-7cdc-4a53-9d22-e7fa9ee3754f,25755d2bfb6ec51b6ff0f6204b911ec2,2026-08-25,Built In,Senior Data Engineer,Sr Data Engineer I,Sr Data Engineer I,Reposted 7 Days Ago,Not specified,,5-7 years,"Apache Spark, AWS, Python, Java, SQL, NoSQL",,,0,https://builtin.com/job/sr-data-engineer-i/9490878,,,,,,False,80,Valid,Senior Data Engineer position available with a focus on data engineering and architecture.,False
7c57903d-ddfa-49c3-91bc-5c2fdd69001a,2dd423c8831ea9c1a8a7edb4eac06bb1,2026-08-25,Built In,Senior Data Engineer,Sr Data Engineer I Analytics,Sr Data Engineer I Analytics,Reposted 8 Days Ago,Not specified,,5-7 years,"Apache Spark, AWS Glue, Python, SQL, Apache Kafka, Docker",,,0,https://builtin.com/job/sr-data-engineer-i-analytics/9125425,,,,,,False,80,Valid,"Senior Data Engineer position in Analytics team, responsible for designing and implementing data pipelines and architectures.",False
0de5d443-1f8a-4338-afbb-c719a878ca49,fe5a7bf1f7734b6cb5811d4198c98979,2026-08-25,Built In,Senior Data Engineer,Sr Data Engineer I,Sr Data Engineer I,Reposted 8 Days Ago,Not specified,,5-7 years,"Apache Spark, AWS, Python, Java, SQL, NoSQL",,,0,https://builtin.com/job/sr-data-engineer-i/8717380,,,,,,False,80,Valid,"Senior Data Engineer position available at a company, responsible for designing and implementing large-scale data systems.",False
e917c71c-9930-408e-a9ab-ef68588f28e7,f287fd8bd6b8c8e796cebdef65e6821a,2026-08-25,Built In,Senior Data Engineer,Sr. Data Engineer,Sr. Data Engineer,Reposted 8 Days Ago,Not specified,,5-7 years,"AWS, Apache Spark, Python, SQL, Hadoop, Docker",,,0,https://builtin.com/job/sr-data-engineer/9620113,,,,,,False,80,Valid,"Seeking a Senior Data Engineer to design, develop, and maintain large-scale data systems. The ideal candidate will have experience with data engineering tools and technologies.",False
4776009b-c6a5-4287-8eff-63567bf7fed5,f5bb2a9205039a2a29ae2ff7a4a2d4ca,2026-08-25,Built In,Senior Data Engineer,"Senior Data Engineer- Spark, Abinitio, Python, SQL, Data warehouse","Senior Data Engineer- Spark, Abinitio, Python, SQL",Reposted 9 Days Ago,Not specified,,Not specified,"Spark, Abinitio, Python, SQL, Data warehouse",,,0,https://builtin.com/job/senior-data-engineer-spark-abinitio-python-sql-data-warehouse/10249704,,,,,,False,85,Valid,"Senior Data Engineer position available with expertise in Spark, Abinitio, Python, SQL, and data warehouse.",False
a801ac9d-13a0-4006-9f54-61c42e4fe5e7,66866c66797cfadfe4ba1864d186bd23,2026-08-25,Built In,Senior Data Engineer,Senior Data Engineer,Senior Data Engineer,Reposted 9 Days Ago,Not specified,,5-7 years,"Apache Beam, Apache Spark, AWS Glue, Python, SQL, Hadoop",,,0,https://builtin.com/job/senior-data-engineer/9835379,,,,,,False,80,Valid,Senior Data Engineer position available with a company. Job requires experience in data engineering and related technologies.,False
e9fceff5-f424-4408-be62-09db994530ff,5b20bd65d371f2239dbd7227370d9b34,2026-08-25,Built In,Senior Data Engineer,Senior Data Engineer,Senior Data Engineer,10 Days Ago,Not specified,,Not specified,Not specified,,,0,https://builtin.com/job/senior-data-engineer/10698549,,,,,,False,60,Partial,"Job posting lacks company information and job description, making it unclear what the role entails.",False
17050606-8fdd-4a7c-82fd-b62e3e4a61e1,32024e9ce5b89b44d8c5fc95de039b2b,2026-08-25,Built In,Senior Data Engineer,Senior Data Engineer,Senior Data Engineer,10 Days Ago,Not specified,,Not specified,Not specified,,,0,https://builtin.com/job/senior-data-engineer/10692918,,,,,,False,60,Partial,"Job posting lacks company and location information, making it unclear if it's a real job opportunity.",False
e59a4f33-b42c-4261-81d2-91230b6fbe68,acfcb493509ba2aed94c33c89b4ca22a,2026-08-25,Built In,Senior Data Engineer,Senior Data Engineer,Senior Data Engineer,13 Days Ago,Not specified,,Not specified,Not specified,,,0,https://builtin.com/job/senior-data-engineer/10648957,,,,,,False,80,Valid,"Job posting lacks essential details, appears to be a placeholder or test.",False
6b8f9215-e0f4-4594-b0eb-244c64645796,028453c0a54d15c44ab246040dead38d,2026-08-25,Built In,Senior Data Engineer,Senior Data Engineer,Senior Data Engineer,22 Days Ago,Not specified,,Not specified,Not specified,,,0,https://builtin.com/job/senior-data-engineer/10512764,,,,,,False,60,Partial,"Job posting lacks essential details, appears to be a placeholder.",False
94a9c72f-6188-4bf9-ab4e-2eb511aa739c,f8082018dcbda9a70f7f26dc209f03da,2026-08-25,Built In,Senior Data Engineer,Senior Big Data Engineer - I,Senior Big Data Engineer - I,Reposted 9 Hours Ago,Not specified,,Not specified,"Hadoop, Spark, Python, Java, Apache Kafka, NoSQL",,,0,https://builtin.com/job/senior-big-data-engineer-i/10750282,,,,,,False,80,Valid,Senior Big Data Engineer position available at Senior Big Data Engineer - I. Job requires expertise in big data engineering.,False
b910047a-c87f-4735-9de3-f9d064a8e133,de86096a4eda0d82b08f0d7f788840e5,2026-08-25,Built In,Senior Data Engineer,Sr Data Engineer,Sr Data Engineer,Reposted 23 Days Ago,Not specified,,5-7 years,"Apache Beam, Apache Spark, AWS Glue, Python, Java, SQL",,,0,https://builtin.com/job/sr-tester-data-engineer/9708359,,,,,,False,80,Valid,"Seeking a Senior Data Engineer to design, develop, and maintain large-scale data systems. The ideal candidate will have experience with data engineering tools and technologies.",False
0bdcf7c0-bc2a-4889-b8d9-823fb5d9fcc2,e54b0efd7729b2739c5a139db326bf0d,2026-08-25,Built In,Senior Data Engineer,Senior /Staff Data & Cloud Platform Engineer,Senior /Staff Data & Cloud Platform Engineer,Reposted Yesterday,Not specified,,5-10 years,"AWS, Azure, Kubernetes, Docker, Terraform, Python",,,0,https://builtin.com/job/senior-staff-data-cloud-platform-engineer/10745941,,,,,,False,60,Partial,"Senior /Staff Data & Cloud Platform Engineer position available, requiring expertise in data and cloud platforms.",False
f6812ef0-939b-4462-9c48-1a5dbd899fab,277e498d74e022cabcc90e6d31ec2a8d,2026-08-25,Built In,Senior Data Engineer,"Sr. Engineer - Data & ML Platform (Hybrid, IND)","Sr. Engineer - Data & ML Platform (Hybrid, IND)",Reposted Yesterday,Not specified,,5+ years,"Python, AWS, Apache Spark, Kubernetes, Docker, Java",,,0,https://builtin.com/job/sr-engineer-data-ml-platform-remote-ind/7509053,,,,,,False,80,Valid,Seeking Sr. Engineer for Data & ML Platform with 5+ years of experience in designing and implementing scalable data platforms.,False
ec70e7f9-a955-4f78-a4c2-d6dff1d844ca,695ff33a866c028273a590728623c2e9,2026-08-25,Built In,Senior Data Engineer,Senior Big Data Engineer I,Senior Big Data Engineer I,Reposted 4 Days Ago,Not specified,,Not specified,"Hadoop, Spark, NoSQL, Python, Java, Apache",,,0,https://builtin.com/job/senior-big-data-engineer-i/10750281,,,,,,False,60,Partial,"This job posting appears to be a duplicate or fake, as it lacks a company description and specific job requirements.",False
9d518bfa-251f-4a30-800e-caa0a873be02,27dd75b1743cffb25a8d743889e5decd,2026-08-25,Built In,Senior Data Engineer,"Sr. Lead Software Engineer - Java, Data, OpenAPI/Swagger, Kafka","Sr. Lead Software Engineer - Java, Data, OpenAPI/S",Reposted 4 Days Ago,Not specified,,Not specified,"Java, Data, OpenAPI/Swagger, Kafka",,,0,https://builtin.com/job/sr-lead-software-engineer-java-data-openapi-swagger-kafka/10596360,,,,,,False,85,Valid,"Senior Lead Software Engineer position available with expertise in Java, Data, OpenAPI/Swagger, and Kafka. The role involves leading software development teams.",False
2c05c0f8-9865-4836-a1fd-a2841c8c693d,a69388f2cd4c4a4c2e6b8a614de5ad86,2026-08-25,LinkedIn,PySpark Engineer,Engineer,Tata Consultancy Services,"Dallas, TX",Not specified,,Not specified,,2026-08-25,,0,https://www.linkedin.com/jobs/view/engineer-at-tata-consultancy-services-4439444221,,,,,,False,50,Partial,AI unavailable,False
c964c666-8cc9-49ac-9eb2-446d4ee35bdc,f30fadf15282a2593170c9f0808fb09c,2026-08-25,LinkedIn,PySpark Engineer,"Databricks Lakehouse Engineer and Analyst, Mid",Booz Allen Hamilton,"McLean, VA",Not specified,,Not specified,,2026-08-25,,0,https://www.linkedin.com/jobs/view/databricks-lakehouse-engineer-and-analyst-mid-at-booz-allen-hamilton-4458764572,,,,,,False,50,Partial,AI unavailable,False
70923981-4d8e-4940-8871-b9f0ca33491a,41baf6dc4574a5ac41649ce50145c125,2026-08-25,LinkedIn,PySpark Engineer,"Big Data Engineer – Python/Scala, Spark, Hadoop",Cygnus Professionals Inc.,"Arlington, TX",Not specified,,Not specified,,2026-08-25,,0,https://www.linkedin.com/jobs/view/big-data-engineer-%E2%80%93-python-scala-spark-hadoop-at-cygnus-professionals-inc-4458772206,,,,,,False,50,Partial,AI unavailable,False
8fed5c97-11dd-4f58-9637-44c9b624d485,6da020f2a8a19332f26a8bdcdbddc2fd,2026-08-25,LinkedIn,PySpark Engineer,Technical Lead - DataBricks,Wipro,"Minneapolis, MN",Not specified,,Not specified,,2026-08-24,,0,https://www.linkedin.com/jobs/view/technical-lead-databricks-at-wipro-4457182580,,,,,,False,50,Partial,AI unavailable,False
1517cb4c-d384-4650-b6ea-fd331793c2a2,02d456c1f5f05aacd4a6bcd4ecbce78e,2026-08-25,LinkedIn,PySpark Engineer,AWS Data Engineering Advisor,ENGIE North America Inc.,"Houston, TX",Not specified,,Not specified,,2026-08-25,,0,https://www.linkedin.com/jobs/view/aws-data-engineering-advisor-at-engie-north-america-inc-4440085668,,,,,,False,50,Partial,AI unavailable,False
1f1f0d62-545d-4782-bffe-3e53fbc58942,7ed979738f917906e7408f57c06b061f,2026-08-25,LinkedIn,PySpark Engineer,Databricks Engineer (Scala/Spark),"VMC Soft Technologies, Inc","Quincy, MA",Not specified,,Not specified,,2026-08-24,,0,https://www.linkedin.com/jobs/view/databricks-engineer-scala-spark-at-vmc-soft-technologies-inc-4456503596,,,,,,False,50,Partial,AI unavailable,False
d5f579d4-0db6-4849-bfa0-60bd59108765,eb43629ba9970a002f79830e28047331,2026-08-25,LinkedIn,PySpark Engineer,Azure Data Engineer,Techvy Corp,"Minneapolis, MN",Not specified,,Not specified,,2026-08-24,,0,https://www.linkedin.com/jobs/view/azure-data-engineer-at-techvy-corp-4458275879,,,,,,False,50,Partial,AI unavailable,False
4ae9b6d8-3a7a-41b3-96c5-7e655cc2df9d,95b4f23edd7c2a2e8d09b7b1dca09635,2026-08-25,LinkedIn,PySpark Engineer,Data Engineer - SOCOM,Agile Defense,"Tampa, FL",Not specified,,Not specified,,2026-08-25,,0,https://www.linkedin.com/jobs/view/data-engineer-socom-at-agile-defense-4456926624,,,,,,False,50,Partial,AI unavailable,False
0c209fe8-9505-4d2e-883a-bd27e75720cb,d23b82902fe79c51c264bbc7ec4643b2,2026-08-25,LinkedIn,PySpark Engineer,"Data Engineer -Scala/Databricks - OPT, H4EAD, GC, USC,L2 will work -10+ experience (local to TX)",CloudIngest,"Dallas, TX",Not specified,,Not specified,,2026-08-25,,0,https://www.linkedin.com/jobs/view/data-engineer-scala-databricks-opt-h4ead-gc-usc-l2-will-work-10%2B-experience-local-to-tx-at-cloudingest-4458763730,,,,,,False,50,Partial,AI unavailable,False
c336b74e-2999-4c65-a95f-96f3e93155d4,71aa77401f8ff316d564f9ea3c655418,2026-08-25,LinkedIn,PySpark Engineer,Data Engineer - Databricks,Revature,"Washington, DC",Not specified,,Not specified,,2026-08-25,,0,https://www.linkedin.com/jobs/view/data-engineer-databricks-at-revature-4457472307,,,,,,False,50,Partial,AI unavailable,False
a0bdeeb3-fb47-46c6-ba65-56e0c86ad95d,8f57e0c29892cd1c7fe6d6d57bc377c7,2026-08-25,LinkedIn,PySpark Engineer,Senior Data Engineer,Vericast,"San Antonio, TX",Not specified,,Not specified,,2026-08-24,,0,https://www.linkedin.com/jobs/view/senior-data-engineer-at-vericast-4457112460,,,,,,False,50,Partial,AI unavailable,False
7c8d3487-fe01-420f-936f-4625a4c12c32,0f32750edf936635eb8757eabd6e43d9,2026-08-25,LinkedIn,PySpark Engineer,Senior Data Engineer,Haystack,"Richmond, VA",Not specified,,Not specified,,2026-08-25,,0,https://www.linkedin.com/jobs/view/senior-data-engineer-at-haystack-4458744935,,,,,,False,50,Partial,AI unavailable,False
5a5fe238-0dae-457e-a6ad-325589789660,fa6de88694fba669012786b370049ba5,2026-08-25,LinkedIn,PySpark Engineer,azure databricks engineer,Quantum World Technologies Inc.,United States,Not specified,,Not specified,,2026-08-24,,0,https://www.linkedin.com/jobs/view/azure-databricks-engineer-at-quantum-world-technologies-inc-4458274379,,,,,,False,50,Partial,AI unavailable,False
c8bbb89f-61e8-47bc-bacf-34010f75ce52,38aab2523fbfea7194d932aa51588f3b,2026-08-25,LinkedIn,PySpark Engineer,Software Engineer II: Data Engineer,JPMorganChase,"Jersey City, NJ",Not specified,,Not specified,,2026-08-25,,0,https://www.linkedin.com/jobs/view/software-engineer-ii-data-engineer-at-jpmorganchase-4458764971,,,,,,False,50,Partial,AI unavailable,False
99a4da6c-0801-407f-8390-5faa612bc309,48e971a619e3d2ddebe484b3579853bb,2026-08-25,LinkedIn,PySpark Engineer,Staff Data Engineer,RevolutionParts,"Tempe, AZ",Not specified,,Not specified,,2026-08-24,,0,https://www.linkedin.com/jobs/view/staff-data-engineer-at-revolutionparts-4453905506,,,,,,False,50,Partial,AI unavailable,False
61ea24f1-e0e2-45cd-be01-4a349f28303d,a426bd4a606b0e46d807f27ced55ac94,2026-08-25,LinkedIn,PySpark Engineer,Databricks Engineer,Jade Business Services (JBS),"Raritan, NJ",Not specified,,Not specified,,2026-08-24,,0,https://www.linkedin.com/jobs/view/databricks-engineer-at-jade-business-services-jbs-4457180416,,,,,,False,50,Partial,AI unavailable,False
48388c0b-2d09-467b-bbd9-749973431923,86354ab4662ea9d04dcc684ca517e0df,2026-08-25,LinkedIn,PySpark Engineer,Senior Data Engineer - Databricks,Revature,"Washington, DC",Not specified,,Not specified,,2026-08-25,,0,https://www.linkedin.com/jobs/view/senior-data-engineer-databricks-at-revature-4457476267,,,,,,False,50,Partial,AI unavailable,False
9e65165d-ec06-4e87-9b46-9fb54a7b2dd0,a2a6ccb9214d3b498e7a9616ccc303d1,2026-08-25,LinkedIn,PySpark Engineer,Principal Data Engineer,Eucloid Data Solutions,"Philadelphia, PA",Not specified,,Not specified,,2026-08-25,,0,https://www.linkedin.com/jobs/view/principal-data-engineer-at-eucloid-data-solutions-4446209468,,,,,,False,50,Partial,AI unavailable,False
2552b0a9-07d1-49d7-8e16-5e197a8c6586,d1e36f3f33b1259c50b116e2c5e62ada,2026-08-25,LinkedIn,PySpark Engineer,Big Data Engineer,Haystack,"Seattle, WA",Not specified,,Not specified,,2026-08-25,,0,https://www.linkedin.com/jobs/view/big-data-engineer-at-haystack-4458745906,,,,,,False,50,Partial,AI unavailable,False
e9a9a92d-e1ed-42ba-83d3-bf105cf7edf9,e266fff8cad676727d4d6e354da7e91a,2026-08-25,LinkedIn,PySpark Engineer,Data Engineer (ELK),Red River,"O'Fallon, IL",Not specified,,Not specified,,2026-08-24,,0,https://www.linkedin.com/jobs/view/data-engineer-elk-at-red-river-4457167730,,,,,,False,50,Partial,AI unavailable,False
37adc2e6-2d45-41bf-b9b9-58a7e5042741,55907d9c5aca57637896eaf2cb3600b5,2026-08-25,Dice,PySpark Engineer,PySpark Engineer,"Early Warning Services, LLC","Scottsdale, Arizona • Today",Not specified,,Not specified,,"Scottsdale, Arizona • Today",,0,https://www.dice.com/job-detail/c45e99bd-69d0-4f4a-aebf-22aa212607db,,,,,c45e99bd-69d0-4f4a-aebf-22aa212607db,False,50,Partial,AI unavailable,False
f779c6f4-8f81-43e8-8c63-f83b0121f2fe,aef8cd420762a01d3144ecc8d541f559,2026-08-25,Dice,PySpark Engineer,PySpark Engineer,BCforward,"Wilmington, Delaware • Today",Not specified,,Not specified,,"Wilmington, Delaware • Today",,0,https://www.dice.com/job-detail/894331c4-8060-4435-957d-689eb4d7ad14,,,,,894331c4-8060-4435-957d-689eb4d7ad14,False,50,Partial,AI unavailable,False
5058d797-60d1-4c09-a977-38a7ad191acc,b492ff6348d0fd0053dd4930e8e2a0f5,2026-08-25,Dice,PySpark Engineer,PySpark Engineer,Nestortechnologies Inc,"Hybrid in Washington, District of Columbia • Today",Not specified,,Not specified,,"Hybrid in Washington, District of Columbia • Today",,0,https://www.dice.com/job-detail/b959d65c-5d95-40e7-84f1-fb462017ead2,,,,,b959d65c-5d95-40e7-84f1-fb462017ead2,False,50,Partial,AI unavailable,False
d7da10b5-43c9-4a26-b4af-5183e06271f0,bff75c96beb5c6dda711c35a1c703620,2026-08-25,Dice,PySpark Engineer,PySpark Engineer,EdgeAll,"Sleepy Hollow, New York • Yesterday",Not specified,,Not specified,,"Sleepy Hollow, New York • Yesterday",,0,https://www.dice.com/job-detail/53fbe5b8-83d5-47e7-a455-53e860d0d40e,,,,,53fbe5b8-83d5-47e7-a455-53e860d0d40e,False,50,Partial,AI unavailable,False
d7d7273e-afd7-4ac4-a51b-3626b7643fa1,70187efe00f03079838ff8d0ffaa1a14,2026-08-25,Dice,PySpark Engineer,PySpark Engineer,CIS Technologies Inc.,"Charlotte, North Carolina • 15d ago",Not specified,,Not specified,,"Charlotte, North Carolina • 15d ago",,0,https://www.dice.com/job-detail/9b03adf4-5f06-4b4f-a6f9-a8fda1c19581,,,,,9b03adf4-5f06-4b4f-a6f9-a8fda1c19581,False,50,Partial,AI unavailable,False
808ad5fe-aee2-4491-80eb-3cf2a8afacb8,fc66a2814e4cfea75945775f756ccc35,2026-08-25,Dice,PySpark Engineer,PySpark Engineer,Infosat IT Services LLC,"Hybrid in Newark, New Jersey • 27d ago",Not specified,,Not specified,,"Hybrid in Newark, New Jersey • 27d ago",,0,https://www.dice.com/job-detail/1598d3a7-d380-4770-9604-87b44e000e8c,,,,,1598d3a7-d380-4770-9604-87b44e000e8c,False,50,Partial,AI unavailable,False
e553f3ef-b762-4f17-af81-126d162f2cee,d4678fd3dc9372919c7c053b7aa82ec2,2026-08-25,Dice,PySpark Engineer,PySpark Engineer,Citi,"Jersey City, New Jersey • Today",Not specified,,Not specified,,"Jersey City, New Jersey • Today",,0,https://www.dice.com/job-detail/61db6b2d-6786-4bf2-b258-01c35a4efe4a,,,,,61db6b2d-6786-4bf2-b258-01c35a4efe4a,False,50,Partial,AI unavailable,False
3b5b2543-dc6e-486b-af84-a0412124ed51,2bedd28e2191f0f1114251858967ddfd,2026-08-25,Dice,PySpark Engineer,PySpark Engineer,cloudingest inc,"Dallas, Texas • 4d ago",Not specified,,Not specified,,"Dallas, Texas • 4d ago",,0,https://www.dice.com/job-detail/4953907e-c08c-4d32-b2fc-5b823c93abb7,,,,,4953907e-c08c-4d32-b2fc-5b823c93abb7,False,50,Partial,AI unavailable,False
6b7b8491-34ff-4228-8ca5-b887cc24a629,a920b73e1444adb8c6a8bb135fe5d377,2026-08-25,Dice,PySpark Engineer,PySpark Engineer,Software Engineer 2 - Python/PySpark/AWS,Captivation Software,Not specified,,Not specified,,"Annapolis, Maryland • Today",,0,https://www.dice.com/job-detail/022efd22-d215-45f4-82d3-04b2a0fd9631,,,,,022efd22-d215-45f4-82d3-04b2a0fd9631,False,50,Partial,AI unavailable,False
5c9e9942-5d7c-4dc2-988e-7c0ac1d9a35a,d1cfaa50f3619c80af1945bd195e1d86,2026-08-25,Dice,PySpark Engineer,PySpark Engineer,Cliff Services Inc,"Dallas, Texas • Today",Not specified,,Not specified,,"Dallas, Texas • Today",,0,https://www.dice.com/job-detail/a65d4e0a-92f5-44f4-8d18-3734d643ffa9,,,,,a65d4e0a-92f5-44f4-8d18-3734d643ffa9,False,50,Partial,AI unavailable,False
8a7f6f53-bd5d-4427-a8ec-3920dcbf7fd0,dedcb882e32a92876b66f2c37ff55a2b,2026-08-25,Dice,PySpark Engineer,PySpark Engineer,Keylent,"Reading, Pennsylvania • 17d ago",Not specified,,Not specified,,"Reading, Pennsylvania • 17d ago",,0,https://www.dice.com/job-detail/3b8462f1-c200-4de7-93ed-7ff08957ba3b,,,,,3b8462f1-c200-4de7-93ed-7ff08957ba3b,False,50,Partial,AI unavailable,False
215301c9-6e50-4155-a2a9-140864b5a36a,7a51fb96d91b60f8cc782b22f33ffd91,2026-08-25,Dice,PySpark Engineer,PySpark Engineer,"Software Engineer 2 - (Python, PySpark, AWS)","Akina, Inc.",Not specified,,Not specified,,"Annapolis, Maryland • Today",,0,https://www.dice.com/job-detail/385044ff-722d-4744-91c3-a9dae539cc13,,,,,385044ff-722d-4744-91c3-a9dae539cc13,False,50,Partial,AI unavailable,False
b412f132-e7cc-4bb0-b1da-eb9b540aba2e,08f6761f9df13c370d3857396dad1b39,2026-08-25,Dice,PySpark Engineer,PySpark Engineer,Keylent,"Reading, Pennsylvania • 20d ago",Not specified,,Not specified,,"Reading, Pennsylvania • 20d ago",,0,https://www.dice.com/job-detail/9e5d43bc-a72e-4d43-ba10-f1247e15bb0c,,,,,9e5d43bc-a72e-4d43-ba10-f1247e15bb0c,False,50,Partial,AI unavailable,False
6497b4ab-345d-4847-962a-c5f527e7ced6,b444a352cf91463d4345e69a230fd340,2026-08-25,Built In,PySpark Engineer,"Software Engineer III - Python, PySpark, Databricks, Big Data","Software Engineer III - Python, PySpark, Databrick",Reposted 9 Days Ago,Not specified,,Not specified,,,,0,https://builtin.com/job/software-engineer-iii-python-pyspark-databricks-big-data/10657350,,,,,,False,50,Partial,AI unavailable,False
9b830d30-fa5e-4431-bbec-147dfd2f0680,5f02c8bd53d1b1b47513e914c677a886,2026-08-25,Built In,PySpark Engineer,Data Engineer - PySpark Developer,Data Engineer - PySpark Developer,Reposted 5 Hours Ago,Not specified,,Not specified,,,,0,https://builtin.com/job/data-engineer-pyspark-developer/10455903,,,,,,False,50,Partial,AI unavailable,False
55681c3b-c3df-415d-9394-2277b5ab2153,e88d07103c2fd618d65668525c38adbe,2026-08-25,Built In,PySpark Engineer,"Software Development Engineer II - Python, PySpark, SQL","Software Development Engineer II - Python, PySpark",Reposted 5 Hours Ago,Not specified,,Not specified,,,,0,https://builtin.com/job/sde-12-pysparkgs/4623618,,,,,,False,50,Partial,AI unavailable,False
a908915a-ab2e-47ca-9f7e-9eacd35dbf1f,124e873dbe9c9399c1db0d34e44a2617,2026-08-25,Built In,PySpark Engineer,Java PySpark Bigdata Developer,Java PySpark Bigdata Developer,Reposted Yesterday,Not specified,,Not specified,,,,0,https://builtin.com/job/java-pyspark-bigdata-developer/10525820,,,,,,False,50,Partial,AI unavailable,False
f706711b-a9ac-49cf-8857-3a35fe2c75df,8017498ff5d3b24c300fa04743b32e72,2026-08-25,Built In,PySpark Engineer,PySpark Data Engineer,PySpark Data Engineer,Reposted Yesterday,Not specified,,Not specified,,,,0,https://builtin.com/job/pyspark-data-engineer/9352146,,,,,,False,50,Partial,AI unavailable,False
852ed59a-a621-4c3b-9b4c-144fb26d59b9,a070ecca6de176c28ccca5f24123f379,2026-08-25,Built In,PySpark Engineer,Zettamine - Data Engineer (Pyspark),Zettamine - Data Engineer (Pyspark),Reposted Yesterday,Not specified,,Not specified,,,,0,https://builtin.com/job/zettamine-data-engineer-pyspark/9645424,,,,,,False,50,Partial,AI unavailable,False
2aa5b09e-794b-4ece-9bc7-8545d16b166b,559cf4dadbcdd7b5c8bef64c4c4e5800,2026-08-25,Built In,PySpark Engineer,Senior Big Data Engineer Pyspark Databricks - Vice President,Senior Big Data Engineer Pyspark Databricks - Vice,Reposted Yesterday,Not specified,,Not specified,,,,0,https://builtin.com/job/senior-big-data-engineer-pyspark-databricks-vice-president/10436525,,,,,,False,50,Partial,AI unavailable,False
2b7a3288-dacd-4a51-ba03-f512e1e8a778,8d991f17fbdc6c06936623e1da4802c5,2026-08-25,Built In,PySpark Engineer,Engineer - PySpark/SQL,Engineer - PySpark/SQL,Reposted Yesterday,Not specified,,Not specified,,,,0,https://builtin.com/job/engineer-pyspark-sql/10436234,,,,,,False,50,Partial,AI unavailable,False
9905cb2a-74e5-4748-b169-02d8dcd31a85,c1a195497b9c03a577bc41d8ac928ba5,2026-08-25,Built In,PySpark Engineer,Sr. Data Engineer (Python | PySpark | FastAPI),Sr. Data Engineer (Python | PySpark | FastAPI),2 Days Ago,Not specified,,Not specified,,,,0,https://builtin.com/job/sr-data-engineer-python-pyspark-fastapi/10818561,,,,,,False,50,Partial,AI unavailable,False
0b8f5ef4-0569-45a4-83b0-306ebfebb2fe,e130e1d3272a55cbfcc4f13d12b1c4d8,2026-08-25,Built In,PySpark Engineer,PySpark Developer – ETL & SQL,PySpark Developer – ETL & SQL,2 Days Ago,Not specified,,Not specified,,,,0,https://builtin.com/job/pyspark-developer-etl-sql/10811054,,,,,,False,50,Partial,AI unavailable,False
c899f98e-009e-4893-8761-06b2d588e973,cd6a19cf701e2acd382766f42edc8d20,2026-08-25,Built In,PySpark Engineer,Data Engineer — PySpark + AWS Glue,Data Engineer — PySpark + AWS Glue,3 Days Ago,Not specified,,Not specified,,,,0,https://builtin.com/job/data-engineer-pyspark-aws-glue/10809930,,,,,,False,50,Partial,AI unavailable,False
be48201c-8837-4a31-a50e-8cecd944ec02,2ea67b46ad2819e544dfc95510d5b48c,2026-08-25,Built In,PySpark Engineer,Data Engineer Pyspark and Mongo DB,Data Engineer Pyspark and Mongo DB,Reposted 3 Days Ago,Not specified,,Not specified,,,,0,https://builtin.com/job/data-engineer-pyspark-and-mongo-db/10390876,,,,,,False,50,Partial,AI unavailable,False
62d71b87-2c31-4fc2-a8cd-95de4cf4a5b9,fa86bf49246e3df0440e8ad20a5d8e15,2026-08-25,Built In,PySpark Engineer,PySpark Big Data Developer,PySpark Big Data Developer,Reposted 3 Days Ago,Not specified,,Not specified,,,,0,https://builtin.com/job/pyspark-big-data-developer/10019978,,,,,,False,50,Partial,AI unavailable,False
48236364-f688-4ec9-8ca7-bca71d5364cf,8afbf48fb5aa4f1f3a2eca505cf4eda8,2026-08-25,Built In,PySpark Engineer,Sr. Power BI Engineer - (SSRS & PySpark),Sr. Power BI Engineer - (SSRS & PySpark),Reposted 4 Days Ago,Not specified,,Not specified,,,,0,https://builtin.com/job/sr-power-bi-engineer-ssrs-pyspark/10500213,,,,,,False,50,Partial,AI unavailable,False
3de9a87d-83a9-4ddb-9f62-512876e64f72,168873d6b9120548d5f00e44e7593ba5,2026-08-25,Built In,PySpark Engineer,"Officer - Data Engineer (Big Data, Python, PySpark)","Officer - Data Engineer (Big Data, Python, PySpark",Reposted 5 Days Ago,Not specified,,Not specified,,,,0,https://builtin.com/job/officer-data-engineer-big-data-python-pyspark/9977989,,,,,,False,50,Partial,AI unavailable,False
c6dec5e2-b79f-45d6-9c57-ea5b8dc65201,9e6ec2e555c9e70438c7dffaab3ffe5e,2026-08-25,Built In,PySpark Engineer,PySpark Developer / Senior Data Engineer,PySpark Developer / Senior Data Engineer,6 Days Ago,Not specified,,Not specified,,,,0,https://builtin.com/job/pyspark-developer-senior-data-engineer/10742038,,,,,,False,50,Partial,AI unavailable,False
9cf6aade-3903-44c9-ae00-adfd2eb88a34,ee62eb19cdc47436502b76cc210aa117,2026-08-25,Built In,PySpark Engineer,"Software Test Engineer (ETL tester - python, pyspark, SQL, databricks)","Software Test Engineer (ETL tester - python, pyspa",8 Days Ago,Not specified,,Not specified,,,,0,https://builtin.com/job/software-test-engineer-etl-tester-python-pyspark-sql-databricks/10707372,,,,,,False,50,Partial,AI unavailable,False
99ddf0b5-f31c-4045-aa3a-0139f95acc0e,cf5ff5b55091f2c9a4f529106ae914d3,2026-08-25,Built In,PySpark Engineer,Data Engineer - PySpark,Data Engineer - PySpark,12 Days Ago,Not specified,,Not specified,,,,0,https://builtin.com/job/data-engineer-pyspark/10655062,,,,,,False,50,Partial,AI unavailable,False
45e55371-c5f3-4ad0-9bb5-cc8bd9d95c30,ed861d5803d33977cc531c5cc81844e4,2026-08-25,Built In,PySpark Engineer,"Senior Software Test Engineer (python, pyspark, SQL, databricks, playwright/ selenium)","Senior Software Test Engineer (python, pyspark, SQ",14 Days Ago,Not specified,,Not specified,,,,0,https://builtin.com/job/senior-software-test-engineer-python-pyspark-sql-databricks-playwright-selenium/10615753,,,,,,False,50,Partial,AI unavailable,False
2f25e737-e07b-460b-8a6c-733c2c3b0795,517b2b6fa164173a1f426671fc4517e0,2026-08-25,Built In,PySpark Engineer,"Senior Software Engineer (Java ,PySpark and AWS )","Senior Software Engineer (Java ,PySpark and AWS )",14 Days Ago,Not specified,,Not specified,,,,0,https://builtin.com/job/senior-software-engineer-java-pyspark-and-aws/10613611,,,,,,False,50,Partial,AI unavailable,False
4a2d2537-ad8d-4436-9559-66b913c65b29,f8a6121a1c10f7f8d84adf7f1bf71fb9,2026-08-25,Built In,PySpark Engineer,"PySpark Data Engineer – Python, ETL & Data Warehousing","PySpark Data Engineer – Python, ETL & Data Warehou",15 Days Ago,Not specified,,Not specified,,,,0,https://builtin.com/job/pyspark-data-engineer-python-etl-data-warehousing/10595714,,,,,,False,50,Partial,AI unavailable,False
4cf071ca-8eaf-4497-a7bc-8ed5fb5482f8,e1d2c4d52054ff9967da4bb502c10070,2026-08-25,Built In,PySpark Engineer,"Senior Data Engineer- Pyspark,Databricks,SQL","Senior Data Engineer- Pyspark,Databricks,SQL",Reposted 15 Days Ago,Not specified,,Not specified,,,,0,https://builtin.com/job/senior-data-engineer-pyspark-databricks-sql/10201593,,,,,,False,50,Partial,AI unavailable,False
4772a020-ebae-4fb2-8012-1c03a591caa8,72ad4a8effd1150d6f7e786f02dc9add,2026-08-25,Built In,PySpark Engineer,Senior PySpark Developer,Senior PySpark Developer,Reposted 17 Days Ago,Not specified,,Not specified,,,,0,https://builtin.com/job/python-pyspark-developer-assistant-vice-president/9793827,,,,,,False,50,Partial,AI unavailable,False
cbe768da-860f-42a1-b97a-1842b277a48d,9e84efd23608a243d7e20fac92b9987c,2026-08-25,Built In,PySpark Engineer,Pyspark developer,Pyspark developer,19 Days Ago,Not specified,,Not specified,,,,0,https://builtin.com/job/pyspark-developer/10558974,,,,,,False,50,Partial,AI unavailable,False
9c985491-eb05-4743-90d5-1033a69222ba,4ad87fc6cc6e737293b975dedeb7c811,2026-08-25,LinkedIn,ETL Developer,Engineer,Tata Consultancy Services,"Pittsburgh, PA",Not specified,,Not specified,,2026-08-25,,0,https://www.linkedin.com/jobs/view/engineer-at-tata-consultancy-services-4448262047,,,,,,False,50,Partial,AI unavailable,False
3753e705-3136-47e5-9f3b-fb0e46466790,c66b998a4320c33d3f828b20fc7fc94e,2026-08-25,LinkedIn,ETL Developer,ETL Informatica Developer,MANTECH,"Ashburn, VA",Not specified,,Not specified,,2026-08-25,,0,https://www.linkedin.com/jobs/view/etl-informatica-developer-at-mantech-4417976797,,,,,,False,50,Partial,AI unavailable,False
952ea6c4-a0c2-491b-b9c6-b9a3407385aa,1847e96459fd39d423c0c38f9a276372,2026-08-25,LinkedIn,ETL Developer,"Junior Data Engineer (Philadelphia, PA)",RemoteHunter,United States,Not specified,,Not specified,,2026-08-25,,0,https://www.linkedin.com/jobs/view/junior-data-engineer-philadelphia-pa-at-remotehunter-4457456565,,,,,,False,50,Partial,AI unavailable,False
c4498ff2-808b-4621-a2ec-36252d638704,64781a9936f2f151fcd01fa0c20f7edb,2026-08-25,LinkedIn,ETL Developer,ETL Informatica developer,Synechron,"Dallas, TX",Not specified,,Not specified,,2026-08-25,,0,https://www.linkedin.com/jobs/view/etl-informatica-developer-at-synechron-4454629389,,,,,,False,50,Partial,AI unavailable,False
fe5c1c5e-390a-4a6f-8da3-18450a8c1cd9,ae65c7f32865f41f9d4190917920b8c9,2026-08-25,LinkedIn,ETL Developer,Junior Data Integration Developer,Journal Technologies,"Logan, UT",Not specified,,Not specified,,2026-08-25,,0,https://www.linkedin.com/jobs/view/junior-data-integration-developer-at-journal-technologies-4458703225,,,,,,False,50,Partial,AI unavailable,False
7915964f-3eb6-4554-a6f4-f49a176e0e3d,32ea41bec17f9fd6e16f18f964b7d690,2026-08-25,LinkedIn,ETL Developer,Senior Engineer,Tata Consultancy Services,"Dallas, TX",Not specified,,Not specified,,2026-08-25,,0,https://www.linkedin.com/jobs/view/senior-engineer-at-tata-consultancy-services-4457479049,,,,,,False,50,Partial,AI unavailable,False
b90ee067-35dc-4ecf-9f73-dd91fcf86b50,fdaf2a50cbfc3da6712073dca3898628,2026-08-25,LinkedIn,ETL Developer,Data Engineer,David,"New York, NY",Not specified,,Not specified,,2026-08-24,,0,https://www.linkedin.com/jobs/view/data-engineer-at-david-4457151267,,,,,,False,50,Partial,AI unavailable,False
01220266-365c-47c5-911c-8d50b78551d2,c138ffa27b9357e2208f9334774f7355,2026-08-25,LinkedIn,ETL Developer,Data Engineers (Integration & Interoperability),TALENT Software Services,"Pennsylvania, United States",Not specified,,Not specified,,2026-08-24,,0,https://www.linkedin.com/jobs/view/data-engineers-integration-interoperability-at-talent-software-services-4456509199,,,,,,False,50,Partial,AI unavailable,False
88723996-1707-4989-acc7-4127859feb6b,d86c969e46901e95112ac4161c97662d,2026-08-25,LinkedIn,ETL Developer,Senior Data Engineer – ERP Data Harmonization & Enterprise Data Platform,Tessera Labs,"San Francisco, CA",Not specified,,Not specified,,2026-08-25,,0,https://www.linkedin.com/jobs/view/senior-data-engineer-%E2%80%93-erp-data-harmonization-enterprise-data-platform-at-tessera-labs-4380064573,,,,,,False,50,Partial,AI unavailable,False
ef165c92-5cb2-47e8-8a6c-4dab758f6efe,cdc84b988424a803e0a90a5b2a6be504,2026-08-25,LinkedIn,ETL Developer,Software Engineer 2 (Data Lake & Data Warehouse Solutions),U.S. Bank,"Englewood, CO",Not specified,,Not specified,,2026-08-24,,0,https://www.linkedin.com/jobs/view/software-engineer-2-data-lake-data-warehouse-solutions-at-u-s-bank-4458298048,,,,,,False,50,Partial,AI unavailable,False
a4654df2-7b68-42df-9aa0-0015d26542c2,d4f17f60373799def9cca8473b0d1398,2026-08-25,LinkedIn,ETL Developer,Junior Data Integration Developer,Journal Technologies,"Los Angeles, CA",Not specified,,Not specified,,2026-08-25,,0,https://www.linkedin.com/jobs/view/junior-data-integration-developer-at-journal-technologies-4458722010,,,,,,False,50,Partial,AI unavailable,False
01cd589e-2e52-45d2-9cab-2f988c377293,0c054d642363173e7f5153ba019d305c,2026-08-25,LinkedIn,ETL Developer,Senior ETL Developer,GAC Solutions,"Beverly, MA",Not specified,,Not specified,,2026-08-25,,0,https://www.linkedin.com/jobs/view/senior-etl-developer-at-gac-solutions-4457490970,,,,,,False,50,Partial,AI unavailable,False
acc7d7ab-73dc-43a8-9740-93aa15d3ae81,1d44bee117c36ff874de62138d4d1bff,2026-08-25,Dice,ETL Developer,ETL Developer,"Gurus Infotech, Inc.","Wilmington, Delaware • Yesterday",Not specified,,Not specified,,"Wilmington, Delaware • Yesterday",,0,https://www.dice.com/job-detail/317ed2fa-1509-4c28-8474-37dc1de877f6,,,,,317ed2fa-1509-4c28-8474-37dc1de877f6,False,50,Partial,AI unavailable,False
c7afc94e-10b1-44b6-a95b-8b3ed053ff98,94257e9afa998e36b6798055384684d1,2026-08-25,Dice,ETL Developer,ETL Developer,IBM DataStage ETL Developer,ITBrainiac Inc,Not specified,,Not specified,,"Hybrid in Philadelphia, Pennsylvania • 18d ago",,0,https://www.dice.com/job-detail/6d900d77-dbe0-4212-83a2-6e8bea557418,,,,,6d900d77-dbe0-4212-83a2-6e8bea557418,False,50,Partial,AI unavailable,False
bb000278-b17f-4c40-8731-540ad6b5e2ef,422a10e511ef0a1343bca277965e6165,2026-08-25,Dice,ETL Developer,ETL Developer,TekShapers,"Seattle, Washington • 18d ago",Not specified,,Not specified,,"Seattle, Washington • 18d ago",,0,https://www.dice.com/job-detail/74033c98-dc0e-45b9-ba0c-74d2bd6bb717,,,,,74033c98-dc0e-45b9-ba0c-74d2bd6bb717,False,50,Partial,AI unavailable,False
a21856ac-7d2a-48ab-8b0b-b8877546bcf9,69ea25466012c6f9dff5ad64b61ff0d7,2026-08-25,Dice,ETL Developer,ETL Developer,Randstad Digital,"Plano, Texas • Today",Not specified,,Not specified,,"Plano, Texas • Today",,0,https://www.dice.com/job-detail/612d7ec5-22b2-44cf-83c2-c671d3aba323,,,,,612d7ec5-22b2-44cf-83c2-c671d3aba323,False,50,Partial,AI unavailable,False
d5985b12-14fd-4adc-b6dc-5484c33fe4bb,6415c8c0d6c0feb277fdd7004e242331,2026-08-25,Dice,ETL Developer,ETL Developer,Apex Systems,"Plano, Texas • Today",Not specified,,Not specified,,"Plano, Texas • Today",,0,https://www.dice.com/job-detail/a6d530cd-f24c-4566-9306-f51541417bef,,,,,a6d530cd-f24c-4566-9306-f51541417bef,False,50,Partial,AI unavailable,False
b459ab13-ac94-47ee-a45b-929930c3bd74,0edcc3053ec507c6163d12e2a4a12c23,2026-08-25,Dice,ETL Developer,ETL Developer,Nityo Infotech Corporation,"San Jose, California • 5d ago",Not specified,,Not specified,,"San Jose, California • 5d ago",,0,https://www.dice.com/job-detail/99c80671-f2ab-48f3-80cb-95138c6f3c37,,,,,99c80671-f2ab-48f3-80cb-95138c6f3c37,False,50,Partial,AI unavailable,False
ea90122e-96b6-4da3-b8d9-5cddd3027970,03bab560ef28c7e1585d1f00a6e0c53e,2026-08-25,Dice,ETL Developer,ETL Developer,Genesis10,"Charlotte, North Carolina • Today",Not specified,,Not specified,,"Charlotte, North Carolina • Today",,0,https://www.dice.com/job-detail/7a45da18-9bed-4fef-9f26-0d34251b1c38,,,,,7a45da18-9bed-4fef-9f26-0d34251b1c38,False,50,Partial,AI unavailable,False
db4e6554-9333-4533-808a-10d810f502a2,a191c0dfea5873321beb217643f931bf,2026-08-25,Dice,ETL Developer,ETL Developer,ETL Developer / Data Engineer,"ICF International, Inc.",Not specified,,Not specified,,"Reston, Virginia • 6d ago",,0,https://www.dice.com/job-detail/faa97798-2b86-4939-989f-f443c4b0cc70,,,,,faa97798-2b86-4939-989f-f443c4b0cc70,False,50,Partial,AI unavailable,False
65d329c1-247f-439f-8f02-e9581c965e4f,551004b8719af266abb9e797b74b5618,2026-08-25,Dice,ETL Developer,ETL Developer,Cliff Services Inc,"McLean, Virginia • Today",Not specified,,Not specified,,"McLean, Virginia • Today",,0,https://www.dice.com/job-detail/a2ffc3f2-37db-484c-8fd0-1b43822aca18,,,,,a2ffc3f2-37db-484c-8fd0-1b43822aca18,False,50,Partial,AI unavailable,False
bdaf9ff5-6c56-4d47-a521-7336e45606bd,e028eda27e492cc24310cbf79b83d400,2026-08-25,Dice,ETL Developer,ETL Developer,ETL Developer - REMOTE - 1 YEAR CONTRACT,Contract Staffing Recruiters,Not specified,,Not specified,,Remote • Today,,0,https://www.dice.com/job-detail/d08746b7-f8fa-4401-9ff0-345fdf9b7574,,,,,d08746b7-f8fa-4401-9ff0-345fdf9b7574,False,50,Partial,AI unavailable,False
bf50bb7f-c20a-4428-ba6d-b8ee80260ca2,17e7e247740a21d03f767a1dd1e82e6a,2026-08-25,Dice,ETL Developer,ETL Developer,Arohak Inc,"Hybrid in Lansing, Michigan • Today",Not specified,,Not specified,,"Hybrid in Lansing, Michigan • Today",,0,https://www.dice.com/job-detail/18af559d-1935-4e72-b85f-145efab79675,,,,,18af559d-1935-4e72-b85f-145efab79675,False,50,Partial,AI unavailable,False
f8970bce-c217-4f1f-89ef-0772b7d4fbdf,10bf661fc000b9cd00488e1b3e0baa62,2026-08-25,Dice,ETL Developer,ETL Developer,Genesis10,"Columbus, Ohio • Today",Not specified,,Not specified,,"Columbus, Ohio • Today",,0,https://www.dice.com/job-detail/ea1ce1d3-b217-4053-8d5b-58731747657b,,,,,ea1ce1d3-b217-4053-8d5b-58731747657b,False,50,Partial,AI unavailable,False
4d8f6e92-6052-4dfb-ad03-a1b20b2d9139,c138d0a7a31c41a177125233cfacb8ea,2026-08-25,Dice,ETL Developer,ETL Developer,Vings Technologies,"San Jose, California • 3d ago",Not specified,,Not specified,,"San Jose, California • 3d ago",,0,https://www.dice.com/job-detail/cb563f40-baa5-4dd6-8b22-35e9cd37c4e8,,,,,cb563f40-baa5-4dd6-8b22-35e9cd37c4e8,False,50,Partial,AI unavailable,False
af93d78f-2139-450e-9b65-cf43c9e135c9,e584669a8b1121c7264e7819c5a3ba9c,2026-08-25,Built In,ETL Developer,ETL Data Engineer,ETL Data Engineer,Reposted 4 Hours Ago,Not specified,,Not specified,,,,0,https://builtin.com/job/etl-data-engineer/10077045,,,,,,False,50,Partial,AI unavailable,False
3d9db9dc-8c02-42d1-b8b1-63d03c42be6a,baff7a1786dfc0b9197bb3cc36e47d53,2026-08-25,Built In,ETL Developer,Data Engineer - ETL,Data Engineer - ETL,Reposted 5 Hours Ago,Not specified,,Not specified,,,,0,https://builtin.com/job/data-engineer-etl/10541209,,,,,,False,50,Partial,AI unavailable,False
7ee44806-7903-4881-a49d-d37d552635ff,1b211c4fb63c95169c9384d66904c47c,2026-08-25,Built In,ETL Developer,ETL Developer,ETL Developer,Reposted Yesterday,Not specified,,Not specified,,,,0,https://builtin.com/job/etl-developer/9351894,,,,,,False,50,Partial,AI unavailable,False
1e16f240-8dc3-4225-854d-f4c64d8212f0,07718d232c877c0ddbb02ee629cef7f8,2026-08-25,Built In,ETL Developer,QA & ETL Developer,QA & ETL Developer,Reposted 8 Hours Ago,Not specified,,Not specified,,,,0,https://builtin.com/job/qa-etl-developer/10233109,,,,,,False,50,Partial,AI unavailable,False
4c1886a4-7b44-43f5-b00d-8e47d27e6a02,8bd37439beca83e182f59472b406a433,2026-08-25,Built In,ETL Developer,ETL Informatica Developer-IT,ETL Informatica Developer-IT,Reposted Yesterday,Not specified,,Not specified,,,,0,https://builtin.com/job/associate-consultant/10060080,,,,,,False,50,Partial,AI unavailable,False
94b9a57a-934f-43b3-95ce-b2b0e26ead2f,318405c2f7daa70b159bb6ffe1b7f804,2026-08-25,Built In,ETL Developer,Datawarehouse and ETL Developer,Datawarehouse and ETL Developer,Yesterday,Not specified,,Not specified,,,,0,https://builtin.com/job/datawarehouse-and-etl-developer/10823481,,,,,,False,50,Partial,AI unavailable,False
7ac680da-7030-4928-9e21-9bfed0a5b627,04b630213364cde6fb44650079ec99e5,2026-08-25,Built In,ETL Developer,DWH- ETL Developer / Sr Developer,DWH- ETL Developer / Sr Developer,Yesterday,Not specified,,Not specified,,,,0,https://builtin.com/job/dwh-etl-developer-sr-developer/10820304,,,,,,False,50,Partial,AI unavailable,False
c79f3690-19ad-438b-8cca-7fdf5c23a05e,4dd7d49955ee2ce2c2c075789d6b4cf7,2026-08-25,Built In,ETL Developer,OBIEE + ETL Developer,OBIEE + ETL Developer,Yesterday,Not specified,,Not specified,,,,0,https://builtin.com/job/obiee-etl-developer/10820106,,,,,,False,50,Partial,AI unavailable,False
9aa04227-f2bd-433e-ac00-8e1bdc50dc42,7e0f1f9f50f1a5ee1b04ce7af20caa90,2026-08-25,Built In,ETL Developer,ETL Developer,ETL Developer,Yesterday,Not specified,,Not specified,,,,0,https://builtin.com/job/etl-developer/10818919,,,,,,False,50,Partial,AI unavailable,False
582f7cfe-a061-462f-94cb-48f27046847b,bab4440b96cdb4b03a5ad9f385fd2af7,2026-08-25,Built In,ETL Developer,Sr. Database Engineer (ETL),Sr. Database Engineer (ETL),Reposted Yesterday,Not specified,,Not specified,,,,0,https://builtin.com/job/sr-database-engineer-etl/9352047,,,,,,False,50,Partial,AI unavailable,False
2524c641-a81c-4abe-88bf-645eecc91f5f,aa2be0670606906566ddc92c1c329a9c,2026-08-25,Built In,ETL Developer,Senior Quality Assurance Engineer - ETL,Senior Quality Assurance Engineer - ETL,Reposted Yesterday,Not specified,,Not specified,,,,0,https://builtin.com/job/senior-etl-quality-assurance-engineer/9651525,,,,,,False,50,Partial,AI unavailable,False
086dd4d6-f67e-4c42-bb84-ca798c61d117,0667a46a075ed430496eb98576c7d3ca,2026-08-25,Built In,ETL Developer,ETL Developer,ETL Developer,Reposted Yesterday,Not specified,,Not specified,,,,0,https://builtin.com/job/etl-developer/7946298,,,,,,False,50,Partial,AI unavailable,False
923eaa65-0e62-4b5c-858a-464a7d3617a6,84539faf157e0d74ad2ed4a9338d99f9,2026-08-25,Built In,ETL Developer,Python/ETL Developer,Python/ETL Developer,2 Days Ago,Not specified,,Not specified,,,,0,https://builtin.com/job/python-etl-developer/10815050,,,,,,False,50,Partial,AI unavailable,False
51774de7-c936-45a8-a49e-a44db4477cd5,4de936e3bef43500aef8fb1ff826dd95,2026-08-25,Built In,ETL Developer,DE&A -Data Engineer ETL Developer (Snowflake),DE&A -Data Engineer ETL Developer (Snowflake),Reposted 3 Days Ago,Not specified,,Not specified,,,,0,https://builtin.com/job/de-core-data-quality-management-data-quality-management-other/10405003,,,,,,False,50,Partial,AI unavailable,False
2d599416-1f8e-43ac-8c8d-579388152907,f5e06757f58f7a613acf6fa49f4aac82,2026-08-25,Built In,ETL Developer,ETL Developer,ETL Developer,Reposted 3 Days Ago,Not specified,,Not specified,,,,0,https://builtin.com/job/etl-developer/10390651,,,,,,False,50,Partial,AI unavailable,False
12211b46-88d1-4966-8129-820ab6797594,f224e5c55ea6aba90f6dc7ccea7a95c7,2026-08-25,Built In,ETL Developer,"Senior Engineer, ETL","Senior Engineer, ETL",Reposted 3 Days Ago,Not specified,,Not specified,,,,0,https://builtin.com/job/senior-engineer-etl/2212002,,,,,,False,50,Partial,AI unavailable,False
60d33797-62dd-4e26-8c65-a96328d28648,2f159e74ee62c19614e8d1a642d23172,2026-08-25,Built In,ETL Developer,"Senior Engineer, ETL","Senior Engineer, ETL",Reposted 3 Days Ago,Not specified,,Not specified,,,,0,https://builtin.com/job/senior-engineer-etl/2211967,,,,,,False,50,Partial,AI unavailable,False
42786f75-0ac0-486f-a08f-d2e9b41c882c,791833a14d53af2e656e1655c5a42f59,2026-08-25,Built In,ETL Developer,"Senior Engineer, ETL","Senior Engineer, ETL",Reposted 3 Days Ago,Not specified,,Not specified,,,,0,https://builtin.com/job/senior-engineer-etl/2211971,,,,,,False,50,Partial,AI unavailable,False
ad371945-521a-4557-9f8f-a7ac7de68aad,468b837a4162acf45db8f2d3dbb919c4,2026-08-25,Built In,ETL Developer,"Senior Engineer, ETL","Senior Engineer, ETL",Reposted 3 Days Ago,Not specified,,Not specified,,,,0,https://builtin.com/job/senior-engineer-etl/2211999,,,,,,False,50,Partial,AI unavailable,False
266d7fa1-6ed8-4137-ac8f-89036132dfd3,ebc695b2b1e017878ce33f66f907a052,2026-08-25,Built In,ETL Developer,"Senior Engineer, ETL","Senior Engineer, ETL",Reposted 3 Days Ago,Not specified,,Not specified,,,,0,https://builtin.com/job/senior-engineer-etl/2211972,,,,,,False,50,Partial,AI unavailable,False
f3a3d048-6923-49dd-9446-73f126f3b41c,18f75e1fe83c182e993e613972d49681,2026-08-25,Built In,ETL Developer,"Senior Engineer, ETL","Senior Engineer, ETL",Reposted 3 Days Ago,Not specified,,Not specified,,,,0,https://builtin.com/job/senior-engineer-etl/2212000,,,,,,False,50,Partial,AI unavailable,False
d61e1161-7b0e-4682-aa6a-f1ea6ba0c797,c5f7801cd810bdffd06ee05ad6d79771,2026-08-25,Built In,ETL Developer,"Senior Engineer, ETL","Senior Engineer, ETL",Reposted 3 Days Ago,Not specified,,Not specified,,,,0,https://builtin.com/job/senior-engineer-etl/2212003,,,,,,False,50,Partial,AI unavailable,False
c5e0db9f-b78e-46e4-8e9f-8231b9301001,d0b4a6466cb2454b8f9360a1d161e0db,2026-08-25,Built In,ETL Developer,"Senior Engineer, ETL","Senior Engineer, ETL",Reposted 3 Days Ago,Not specified,,Not specified,,,,0,https://builtin.com/job/senior-engineer-etl/2212001,,,,,,False,50,Partial,AI unavailable,False
83d14882-145e-4adf-b264-bb237aea30af,b66d9b7d43da3f54160feca885b68165,2026-08-25,Built In,ETL Developer,"Senior Engineer, ETL","Senior Engineer, ETL",Reposted 3 Days Ago,Not specified,,Not specified,,,,0,https://builtin.com/job/senior-engineer-etl/2211966,,,,,,False,50,Partial,AI unavailable,False
dac5a395-9230-4e62-8e5f-d74fc22c1eb5,d9d29f1bb9317e530c40270c67847f09,2026-08-25,LinkedIn,Analytics Engineer,Analytics Engineer,Purple Carrot,"Chicago, IL",Not specified,,Not specified,,2026-08-24,,0,https://www.linkedin.com/jobs/view/analytics-engineer-at-purple-carrot-4457154615,,,,,,False,50,Partial,AI unavailable,False
9694c2ca-07fb-4523-a824-7fad0de6a8bf,443aaa35e2eb6e3ece2de355da0d871a,2026-08-25,LinkedIn,Analytics Engineer,Analytics Engineer,Purple Carrot,"Dedham, MA",Not specified,,Not specified,,2026-08-24,,0,https://www.linkedin.com/jobs/view/analytics-engineer-at-purple-carrot-4457147695,,,,,,False,50,Partial,AI unavailable,False
8fb09b6f-0da0-413a-a28c-3eb91ccf9cbc,0b647285348daad0c291d4c20e3ee7bb,2026-08-25,LinkedIn,Analytics Engineer,"Senior Analytics Engineer, Product",Harvey,"San Francisco, CA",Not specified,,Not specified,,2026-08-25,,0,https://www.linkedin.com/jobs/view/senior-analytics-engineer-product-at-harvey-4448265448,,,,,,False,50,Partial,AI unavailable,False
e03d20ea-9311-435a-aa57-21442cce2674,b7ac9f98d6db6130cb58a350f3c23606,2026-08-25,LinkedIn,Analytics Engineer,Staff Analytics Engineer,Taptap Send,"New York, NY",Not specified,,Not specified,,2026-08-25,,0,https://www.linkedin.com/jobs/view/staff-analytics-engineer-at-taptap-send-4439428388,,,,,,False,50,Partial,AI unavailable,False
dee661cb-cb80-4821-ba36-6e1f2bbc4b98,1211174ca6981723b1994c03d44daa46,2026-08-25,LinkedIn,Analytics Engineer,"Business Intelligence Engineer, Amazon Prime Video Product Analytics",Prime Video & Amazon MGM Studios,"Seattle, WA",Not specified,,Not specified,,2026-08-24,,0,https://www.linkedin.com/jobs/view/business-intelligence-engineer-amazon-prime-video-product-analytics-at-prime-video-amazon-mgm-studios-4458262420,,,,,,False,50,Partial,AI unavailable,False
a6ebdc4f-632b-4b97-a07a-18f26edc349c,18be8cb6e533e51476bca39192da79a4,2026-08-25,LinkedIn,Analytics Engineer,Data Modeling & Analytics,Matrix USA,"Miami, FL",Not specified,,Not specified,,2026-08-24,,0,https://www.linkedin.com/jobs/view/data-modeling-analytics-at-matrix-usa-4452526312,,,,,,False,50,Partial,AI unavailable,False
11ffdbe0-c741-491d-b73d-709e9f77a75c,e8c03b8c18ef97954b944f4e8e220579,2026-08-25,LinkedIn,Analytics Engineer,Senior Analytics Engineer,Empathy Talent,San Francisco Bay Area,Not specified,,Not specified,,2026-08-24,,0,https://www.linkedin.com/jobs/view/senior-analytics-engineer-at-empathy-talent-4455897294,,,,,,False,50,Partial,AI unavailable,False
0912b704-1399-400c-9dd3-1c6d94298718,0e84252b6fb82b777b12a042901c25d2,2026-08-25,LinkedIn,Analytics Engineer,Data Engineer,Verifast,United States,Not specified,,Not specified,,2026-08-24,,0,https://www.linkedin.com/jobs/view/data-engineer-at-verifast-4457117104,,,,,,False,50,Partial,AI unavailable,False
6924dece-1bbd-4a42-a98d-c3e9096ce15c,efb0d627942348cbc8cf8b2282f8d7ee,2026-08-25,LinkedIn,Analytics Engineer,Senior Analytics Engineer at Fieldguide,Jack & Jill,"San Francisco, CA",Not specified,,Not specified,,2026-08-25,,0,https://www.linkedin.com/jobs/view/senior-analytics-engineer-at-fieldguide-at-jack-jill-4457402587,,,,,,False,50,Partial,AI unavailable,False
15e15470-c399-4d4f-9254-7ef56e033fdd,bd71b2cfecd9f084c0df643feffb9d4a,2026-08-25,LinkedIn,Analytics Engineer,Business Intelligence Engineer II,Kafene,United States,Not specified,,Not specified,,2026-08-25,,0,https://www.linkedin.com/jobs/view/business-intelligence-engineer-ii-at-kafene-4456556299,,,,,,False,50,Partial,AI unavailable,False
5a5abc86-1b76-4e8f-9828-bb271b8a7b43,107383e41a4eeb60d7c37924456a7bf6,2026-08-25,LinkedIn,Analytics Engineer,Senior Data Analyst Engineer,Woodforest Acceptance Solutions,"The Woodlands, TX",Not specified,,Not specified,,2026-08-24,,0,https://www.linkedin.com/jobs/view/senior-data-analyst-engineer-at-woodforest-acceptance-solutions-4457182548,,,,,,False,50,Partial,AI unavailable,False
d2c4ae0d-187b-45c3-8f87-6753f67a41cf,524806b03c2efed16292b8942ed26bcc,2026-08-25,LinkedIn,Analytics Engineer,Business Intelligence Engineer,RemoteHunter,United States,Not specified,,Not specified,,2026-08-25,,0,https://www.linkedin.com/jobs/view/business-intelligence-engineer-at-remotehunter-4457484151,,,,,,False,50,Partial,AI unavailable,False
d7e5e611-2d09-45cf-819a-1c1056484e9b,773482228dd6d37e8f57a59e88dc8635,2026-08-25,LinkedIn,Analytics Engineer,Junior Data Engineer,Tata Consultancy Services,"Plano, TX",Not specified,,Not specified,,2026-08-25,,0,https://www.linkedin.com/jobs/view/junior-data-engineer-at-tata-consultancy-services-4439447138,,,,,,False,50,Partial,AI unavailable,False
c9f1d3bb-7422-4749-a22b-bc4ab251716d,30c155e2658aa5bde4c7c3e0cf87ddb0,2026-08-25,LinkedIn,Analytics Engineer,Analytics Engineer,Denver Broncos Football Club,"Englewood, CO",Not specified,,Not specified,,2026-08-24,,0,https://www.linkedin.com/jobs/view/analytics-engineer-at-denver-broncos-football-club-4456503660,,,,,,False,50,Partial,AI unavailable,False
b6c772b5-dd61-4de9-8bdf-b40f3a250f7f,ad015efbd2e3c6ed7dc943b2cfdb2fd4,2026-08-25,LinkedIn,Analytics Engineer,Platform Analytics Engineer,Everpure,"Santa Clara, CA",Not specified,,Not specified,,2026-08-25,,0,https://www.linkedin.com/jobs/view/platform-analytics-engineer-at-everpure-4448258672,,,,,,False,50,Partial,AI unavailable,False
9960dd94-8021-4631-9308-adde79dddf2f,2cb3b0e08095cb085d8637d838df63fb,2026-08-25,LinkedIn,Analytics Engineer,Senior Analytics Engineer,Harnham,"Costa Mesa, CA",Not specified,,Not specified,,2026-08-24,,0,https://www.linkedin.com/jobs/view/senior-analytics-engineer-at-harnham-4458257658,,,,,,False,50,Partial,AI unavailable,False
8cb285b0-0bb5-479b-8904-4820fd60ed79,461a44bd5c3ef689658f4292bbe41c00,2026-08-25,LinkedIn,Analytics Engineer,Data Analytics Engineer,U.S. Green Building Council,"Washington, DC",Not specified,,Not specified,,2026-08-25,,0,https://www.linkedin.com/jobs/view/data-analytics-engineer-at-u-s-green-building-council-4448241740,,,,,,False,50,Partial,AI unavailable,False
50ee2111-6962-45dd-a7ae-b7f88ae85ff4,bbebdd4ff7e57c35d33745da3b1b81a8,2026-08-25,LinkedIn,Analytics Engineer,Data Engineer,Anthropic,"New York, NY",Not specified,,Not specified,,2026-08-25,,0,https://www.linkedin.com/jobs/view/data-engineer-at-anthropic-4411764144,,,,,,False,50,Partial,AI unavailable,False
692eaa0f-2f19-4a62-946f-584cd03cdf5a,e998adb5634e3ec43990c9ad97489d8b,2026-08-25,LinkedIn,Analytics Engineer,"Data and Analytics Engineering Lead, Reinsurance",Marsh,"Norwalk, CT",Not specified,,Not specified,,2026-08-24,,0,https://www.linkedin.com/jobs/view/data-and-analytics-engineering-lead-reinsurance-at-marsh-4458235880,,,,,,False,50,Partial,AI unavailable,False
74e13dc5-9d0c-45e7-b20f-1b80bf03ec34,e0b6c62b320aef8b4cf2180786eaa12f,2026-08-25,LinkedIn,Analytics Engineer,"Data and Analytics Engineering Lead, Reinsurance",Marsh,"New York, NY",Not specified,,Not specified,,2026-08-24,,0,https://www.linkedin.com/jobs/view/data-and-analytics-engineering-lead-reinsurance-at-marsh-4458239842,,,,,,False,50,Partial,AI unavailable,False
f6235332-3ae4-4289-974c-b7c832e8d153,d8ed0ad4ecdf92f2b11c548a8d83d0b5,2026-08-25,LinkedIn,Analytics Engineer,"Business Intelligence Engineer, AWS Compliance & Security Assurance",Amazon Web Services (AWS),"Seattle, WA",Not specified,,Not specified,,2026-08-25,,0,https://www.linkedin.com/jobs/view/business-intelligence-engineer-aws-compliance-security-assurance-at-amazon-web-services-aws-4458541377,,,,,,False,50,Partial,AI unavailable,False
390c54e4-8906-4f43-97b3-84a32d49fcbd,8460cf62a6d925ca0b1bf95a10104e2a,2026-08-25,LinkedIn,Analytics Engineer,Data Applications Engineer,Blue Origin,"Merritt Island, FL",Not specified,,Not specified,,2026-08-25,,0,https://www.linkedin.com/jobs/view/data-applications-engineer-at-blue-origin-4446278077,,,,,,False,50,Partial,AI unavailable,False
123c0f6f-fcf9-41de-9899-ab6e7ce873ce,869eb2662cbf2a2e90e431a0beace739,2026-08-25,LinkedIn,Analytics Engineer,Analytics Engineer,Baker Botts,"Mesquite, TX",Not specified,,Not specified,,2026-08-25,,0,https://www.linkedin.com/jobs/view/analytics-engineer-at-baker-botts-4456926121,,,,,,False,50,Partial,AI unavailable,False
202d1e27-da70-4f0c-9c43-00f76eadaf6f,5cad3340a3e2fffa91fa9805323d90ed,2026-08-25,LinkedIn,Analytics Engineer,Principal Analytics Engineer,Protolabs,"Maple Plain, MN",Not specified,,Not specified,,2026-08-24,,0,https://www.linkedin.com/jobs/view/principal-analytics-engineer-at-protolabs-4448199419,,,,,,False,50,Partial,AI unavailable,False
28852a6d-7db7-4545-8057-0324e1d8e4f5,c48a204ab261a0cbd382fe4952489acc,2026-08-25,LinkedIn,Analytics Engineer,Principal Supply Chain Data Engineer & Analytics Lead,Bausch + Lomb,United States,Not specified,,Not specified,,2026-08-24,,0,https://www.linkedin.com/jobs/view/principal-supply-chain-data-engineer-analytics-lead-at-bausch-%2B-lomb-4454324894,,,,,,False,50,Partial,AI unavailable,False
b28d8a63-a1bd-47f2-b99f-f6e836f6f900,33cfad26722ed44c7d677664398e0878,2026-08-25,Dice,Analytics Engineer,Analytics Engineer,"AIT Global, Inc.",Remote • Today,Remote,,Not specified,,Remote • Today,,0,https://www.dice.com/job-detail/7fea377f-3ce6-4c4d-9210-ddfca1eef346,,,,,7fea377f-3ce6-4c4d-9210-ddfca1eef346,False,50,Partial,AI unavailable,False
77a57bdd-06d5-4fdf-9838-1743894aef63,3114a7fe1d9192fcfb8ec1a9e086c993,2026-08-25,Dice,Analytics Engineer,Analytics Engineer,Tekfortune Inc.,"Pittsburgh, Pennsylvania • Yesterday",Not specified,,Not specified,,"Pittsburgh, Pennsylvania • Yesterday",,0,https://www.dice.com/job-detail/a15e9750-b629-48b4-a9a4-279838a49e9e,,,,,a15e9750-b629-48b4-a9a4-279838a49e9e,False,50,Partial,AI unavailable,False
d16812b5-ac0f-4d16-9a46-9700b0c482c7,54501c6ce07884ee9a8ef2d73850c2d1,2026-08-25,Dice,Analytics Engineer,Analytics Engineer,Analytics Engineer,FanDuel,Not specified,,Not specified,,"Jersey City, New Jersey • Today",,0,https://www.dice.com/job-detail/4ba0b310-5cdc-4103-8ea4-32676683c54c,,,,,4ba0b310-5cdc-4103-8ea4-32676683c54c,False,50,Partial,AI unavailable,False
28668bf9-cb87-43eb-8dac-cc22588c3dc3,c456c4fba399eea0b09e0a9482a84a99,2026-08-25,Dice,Analytics Engineer,Analytics Engineer,Apex Systems,"Spring, Texas • Today",Not specified,,Not specified,,"Spring, Texas • Today",,0,https://www.dice.com/job-detail/75c9b715-26da-41e0-9c0d-537261681a36,,,,,75c9b715-26da-41e0-9c0d-537261681a36,False,50,Partial,AI unavailable,False
56018dd5-57c2-44f6-bb0e-16bf701e1630,9455c7602443c525cffdae8885e5a8a6,2026-08-25,Dice,Analytics Engineer,Analytics Engineer,Apex Systems,"Southlake, Texas • Today",Not specified,,Not specified,,"Southlake, Texas • Today",,0,https://www.dice.com/job-detail/75148b98-2ea0-4d29-b50e-521a9cf95ed6,,,,,75148b98-2ea0-4d29-b50e-521a9cf95ed6,False,50,Partial,AI unavailable,False
0aa16e3c-b69f-4fe2-bacc-871174a3cd87,0a8378193f5f23d47d8798ddad149221,2026-08-25,Dice,Analytics Engineer,Analytics Engineer,Brooksource,"New York, New York • Today",Not specified,,Not specified,,"New York, New York • Today",,0,https://www.dice.com/job-detail/907da127-bc61-4194-b9b9-1c302aeebfa3,,,,,907da127-bc61-4194-b9b9-1c302aeebfa3,False,50,Partial,AI unavailable,False
70ebacc0-dfe4-4f09-914a-946a93cc3969,a2104062b714a3b37bad0592128ed25f,2026-08-25,Dice,Analytics Engineer,Analytics Engineer,"Motion Recruitment Partners, LLC","Somerville, Massachusetts • Today",Not specified,,Not specified,,"Somerville, Massachusetts • Today",,0,https://www.dice.com/job-detail/fecb434c-05e8-461a-8c55-26c747459711,,,,,fecb434c-05e8-461a-8c55-26c747459711,False,50,Partial,AI unavailable,False
c4705566-357e-4049-ae0c-3996b04d4439,65f6adfef7b37c733e9cc6ab098dc1ca,2026-08-25,Dice,Analytics Engineer,Analytics Engineer,Data and Analytics Engineer,State of Kansas,Not specified,,Not specified,,No location provided • 5d ago,,0,https://www.dice.com/job-detail/b15596fb-eff4-4903-81f4-c47b264b38e9,,,,,b15596fb-eff4-4903-81f4-c47b264b38e9,False,50,Partial,AI unavailable,False
c038be6d-2443-4b38-8548-f78c1f91e1d1,29cfd6d38cd88e94e1e94cb7b38b5863,2026-08-25,Dice,Analytics Engineer,Analytics Engineer,Apex Systems,"Charlotte, North Carolina • Today",Not specified,,Not specified,,"Charlotte, North Carolina • Today",,0,https://www.dice.com/job-detail/978876d2-4565-4437-8211-d5674219fb18,,,,,978876d2-4565-4437-8211-d5674219fb18,False,50,Partial,AI unavailable,False
9d532ecf-c693-45b2-87c8-5847eb65c1a0,5a808d96ec11facb5ff994981db04017,2026-08-25,Dice,Analytics Engineer,Analytics Engineer,"Sunrise Systems, Inc.","Milwaukee, Wisconsin • Today",Not specified,,Not specified,,"Milwaukee, Wisconsin • Today",,0,https://www.dice.com/job-detail/a94fe113-a5d2-4d95-91aa-57af5224f72e,,,,,a94fe113-a5d2-4d95-91aa-57af5224f72e,False,50,Partial,AI unavailable,False
389493e6-4454-4142-9b3f-84b26c965f15,2c14a2539fcaf48cf3aebc4315f30a40,2026-08-25,Dice,Analytics Engineer,Analytics Engineer,Dexter Technologies,"Hybrid in Houston, Texas • 4d ago",Not specified,,Not specified,,"Hybrid in Houston, Texas • 4d ago",,0,https://www.dice.com/job-detail/10ccfae8-1a5d-4c87-ad63-885c275839d4,,,,,10ccfae8-1a5d-4c87-ad63-885c275839d4,False,50,Partial,AI unavailable,False
e2f14862-182c-4309-b97a-56c55b91dd16,a3e1a4c367ed24c7efdb1cbc9788e97a,2026-08-25,Dice,Analytics Engineer,Analytics Engineer,Dexter Technologies,"Hybrid in Houston, Texas • 4d ago",Not specified,,Not specified,,"Hybrid in Houston, Texas • 4d ago",,0,https://www.dice.com/job-detail/32c2f000-e3b7-4708-a9ed-e95ac86fcb93,,,,,32c2f000-e3b7-4708-a9ed-e95ac86fcb93,False,50,Partial,AI unavailable,False
b2091848-2255-46ec-a910-797499d791a6,529a7107ebd76524e669cb74528f580a,2026-08-25,Dice,Analytics Engineer,Analytics Engineer,INFT Solutions inc,No location provided • Today,Not specified,,Not specified,,No location provided • Today,,0,https://www.dice.com/job-detail/71b8174e-1f6d-433e-9eed-5f64b05704a0,,,,,71b8174e-1f6d-433e-9eed-5f64b05704a0,False,50,Partial,AI unavailable,False
5ecd4ef0-c296-4d43-8a86-e642601ddf24,9f624c94f6d96232b258bdb06b635b7a,2026-08-25,Built In,Analytics Engineer,"Quantitative Analytics Engineer, Vice President","Quantitative Analytics Engineer, Vice President",Reposted Yesterday,Not specified,,Not specified,,,,0,https://builtin.com/job/quantitative-analytics-engineer-vice-president/10432732,,,,,,False,50,Partial,AI unavailable,False
a10a4028-2252-4688-8177-9a87eb3cd4c1,390c365094b3d67fc63b1c4c90265c1c,2026-08-25,Built In,Analytics Engineer,CIB Business Support Management - Analytics Solutions Developer,CIB Business Support Management - Analytics Soluti,13 Hours Ago,Not specified,,Not specified,,,,0,https://builtin.com/job/cib-business-support-management-analytics-solutions-developer/10828613,,,,,,False,50,Partial,AI unavailable,False
d3073f60-229a-4fd9-bad0-c72acf04e837,63b2518b4822952fafbd183015bc6c42,2026-08-25,Built In,Analytics Engineer,"Staff Engineer, Workload Analytics","Staff Engineer, Workload Analytics",Reposted 15 Hours Ago,Not specified,,Not specified,,,,0,https://builtin.com/job/staff-engineer-workload-analytics/10459661,,,,,,False,50,Partial,AI unavailable,False
284baefd-bd44-4d89-b6c8-1c00d5a1bae4,2de6545eb99f9915703132cf4e04452e,2026-08-25,Built In,Analytics Engineer,Senior Software Engineer / Workday Integration and Prism Analytics,Senior Software Engineer / Workday Integration and,Reposted 4 Days Ago,Not specified,,Not specified,,,,0,https://builtin.com/job/senior-software-engineer-workday-integration-and-prism-analytics/10196434,,,,,,False,50,Partial,AI unavailable,False
0aab8e37-df81-4362-af4c-75f651ecfa2a,fd8e62263af4091daf94d047ddb56b11,2026-08-25,Built In,Analytics Engineer,Analytics Engineer,Analytics Engineer,Reposted 4 Hours Ago,Not specified,,Not specified,,,,0,https://builtin.com/job/analytics-engineer/10498528,,,,,,False,50,Partial,AI unavailable,False
68d5da41-df6e-4900-a2a6-2f148c1e2c80,7c7d49f8895420bdf3254146b9984537,2026-08-25,Built In,Analytics Engineer,Systems Engineer (Data Intelligence & Analytics Team),Systems Engineer (Data Intelligence & Analytics Te,Reposted 5 Days Ago,Not specified,,Not specified,,,,0,https://builtin.com/job/systems-engineer-data-intelligence-analytics-team/10090443,,,,,,False,50,Partial,AI unavailable,False
7ca712c4-eb31-4aa6-9213-61fdc838974b,573dc1f5b6a0dd07f9c28acb531b87a8,2026-08-25,Built In,Analytics Engineer,Binance Accelerator Program - Analytics Engineer,Binance Accelerator Program - Analytics Engineer,Reposted 14 Hours Ago,Not specified,,Not specified,,,,0,https://builtin.com/job/binance-accelerator-program-analytics-engineer/9983294,,,,,,False,50,Partial,AI unavailable,False
0d810683-ec91-4792-b353-c9fafcc207d7,ccf35bae3f781eca89ad794d3d524e84,2026-08-25,Built In,Analytics Engineer,Analytics Engineer - Analyst,Analytics Engineer - Analyst,Yesterday,Not specified,,Not specified,,,,0,https://builtin.com/job/analytics-engineer-analyst/10827736,,,,,,False,50,Partial,AI unavailable,False
a6f9e5f6-5c83-427f-a26a-e374b7ca1fbd,2625925808b4a7985f1274395cb79ad3,2026-08-25,Built In,Analytics Engineer,Analytics Engineer,Analytics Engineer,Reposted 3 Days Ago,Not specified,,Not specified,,,,0,https://builtin.com/job/analytics-engineer/9040108,,,,,,False,50,Partial,AI unavailable,False
f19ee26b-ecaa-442d-8c9b-6f8e70ed546a,f29fe98b4b950c1ea0c9c3d1c7856154,2026-08-25,Built In,Analytics Engineer,Associate Web Analytics Engineer,Associate Web Analytics Engineer,4 Days Ago,Not specified,,Not specified,,,,0,https://builtin.com/job/associate-web-analytics-engineer/10789684,,,,,,False,50,Partial,AI unavailable,False
8bccae87-ce9f-4b79-bb56-15c5a8209935,864664f489f495683a576619d9a4f433,2026-08-25,Built In,Analytics Engineer,FBS Associate Analytics Engineer,FBS Associate Analytics Engineer,5 Days Ago,Not specified,,Not specified,,,,0,https://builtin.com/job/fbs-associate-analytics-engineer/10782091,,,,,,False,50,Partial,AI unavailable,False
6777c5ec-6a66-416d-bd73-0ffa5b5603e8,b8ac720718bc2238d79a63f9003e7e45,2026-08-25,Built In,Analytics Engineer,Ecommerce Analytics Engineer,Ecommerce Analytics Engineer,Reposted 5 Days Ago,Not specified,,Not specified,,,,0,https://builtin.com/job/ecommerce-analytics-engineer/8780025,,,,,,False,50,Partial,AI unavailable,False
fbb6e9ba-7e89-4302-b325-55476615280f,c79e7fe21c308154d98a27d33e1be0c8,2026-08-25,Built In,Analytics Engineer,Staff Data Analytics Engineer,Staff Data Analytics Engineer,6 Days Ago,Not specified,,Not specified,,,,0,https://builtin.com/job/staff-data-analytics-engineer/10746845,,,,,,False,50,Partial,AI unavailable,False
6c37d117-ed2a-4871-be41-4ff0733c98f6,5e309be437eb9bf95e675f596f0aca5b,2026-08-25,Built In,Analytics Engineer,Lead Analytics Engineer,Lead Analytics Engineer,6 Days Ago,Not specified,,Not specified,,,,0,https://builtin.com/job/lead-analytics-engineer/10734921,,,,,,False,50,Partial,AI unavailable,False
6d98769e-14bc-4d8a-919d-63f0e88f7c00,b5d8aae1484a9c603bf5bdbc82f2dc70,2026-08-25,Built In,Analytics Engineer,Analytics Engineer,Analytics Engineer,Reposted 6 Days Ago,Not specified,,Not specified,,,,0,https://builtin.com/job/analytics-engineer/10375428,,,,,,False,50,Partial,AI unavailable,False
ecae546c-bdb5-4581-97a7-235c9cb988cb,701aed0c639f64429b2559c6d95427cd,2026-08-25,Built In,Analytics Engineer,Senior Staff Data Analytics Engineer,Senior Staff Data Analytics Engineer,Reposted 6 Days Ago,Not specified,,Not specified,,,,0,https://builtin.com/job/senior-staff-data-analytics-engineer/10379349,,,,,,False,50,Partial,AI unavailable,False
217e3e17-fa25-463d-a5ee-b3a4f0c1bdbf,0beefd64f193dcb55a0cb7ad657f715f,2026-08-25,Built In,Analytics Engineer,"Associate - Power Bi Developer, Data Analytics","Associate - Power Bi Developer, Data Analytics",12 Days Ago,Not specified,,Not specified,,,,0,https://builtin.com/job/associate-power-bi-developer-data-analytics/10660703,,,,,,False,50,Partial,AI unavailable,False
fa06b48a-eb91-4741-bc16-460403b00707,4693b997ca23962b8169eb5a107e53a8,2026-08-25,Built In,Analytics Engineer,Sr Lead Software Engineer - IBM Planning Analytics/TM1 Solutions & Databricks,Sr Lead Software Engineer - IBM Planning Analytics,13 Days Ago,Not specified,,Not specified,,,,0,https://builtin.com/job/sr-lead-software-engineer-ibm-planning-analytics-tm1-solutions-databricks/10634905,,,,,,False,50,Partial,AI unavailable,False
01bc2f3e-446e-48ef-bcf4-9be59714d3d5,f913abfa521146019ecad6bab8d00424,2026-08-25,Built In,Analytics Engineer,Ecommerce Analytics Engineer,Ecommerce Analytics Engineer,Reposted 9 Days Ago,Not specified,,Not specified,,,,0,https://builtin.com/job/ecommerce-analytics-engineer/8780281,,,,,,False,50,Partial,AI unavailable,False
ce6cbff7-9bd6-47bc-ae98-450f70f353aa,fa748ff5738917646739b4b2b5ba15c5,2026-08-25,Built In,Analytics Engineer,Adobe Analytics Developer- Adobe Analytics- India,Adobe Analytics Developer- Adobe Analytics- India,Reposted 9 Days Ago,Not specified,,Not specified,,,,0,https://builtin.com/job/adobe-analytics-developer-adobe-analytics-india/9916158,,,,,,False,50,Partial,AI unavailable,False
b7d0bae5-6a11-4e04-be40-b4271c9015bd,22577526c5ec1b4b84423de2a0590052,2026-08-25,Built In,Analytics Engineer,Analytics Engineer,Analytics Engineer,10 Days Ago,Not specified,,Not specified,,,,0,https://builtin.com/job/analytics-engineer/10695621,,,,,,False,50,Partial,AI unavailable,False
ee0f2ef0-882e-4183-947e-66dbd4deb9ed,7e663b7d708dd531848577ab906e71e0,2026-08-25,Built In,Analytics Engineer,Full Stack Analytics Engineer,Full Stack Analytics Engineer,10 Days Ago,Not specified,,Not specified,,,,0,https://builtin.com/job/full-stack-analytics-engineer/10695610,,,,,,False,50,Partial,AI unavailable,False
4b539d6a-4eb1-49b8-b0ee-bd712affcb54,4781bd272ccf88ca334f4789ddc48e06,2026-08-25,Built In,Analytics Engineer,Data and Analytics Engineer,Data and Analytics Engineer,Reposted 10 Days Ago,Not specified,,Not specified,"Python, SQL, Tableau, AWS, Apache Spark, Hadoop",,,0,https://builtin.com/job/data-and-analytics-engineer/10258115,,,,,,False,60,Partial,"Job posting lacks company information and details, making it unclear if it's a real job opportunity.",False
f6112914-7376-4d9b-889f-f0c014d14064,49123c139ca2710a9ba1b98a9b6a6851,2026-08-25,LinkedIn,Machine Learning Engineer,"Staff Machine Learning Engineer, Financial Connections",Stripe,"San Francisco, CA",Not specified,,5-7 years,"Python, TensorFlow, PyTorch, AWS, Docker, Kubernetes",2026-08-25,,0,https://www.linkedin.com/jobs/view/staff-machine-learning-engineer-financial-connections-at-stripe-4458578088,,,,,,False,85,Valid,"Staff Machine Learning Engineer position at Stripe, focusing on Financial Connections, with a requirement for expertise in machine learning and financial systems.",False
26a10310-c214-46d5-867d-6a4cfc5ff620,89faa2f5147bde058d1d4f0e7c93cebc,2026-08-25,LinkedIn,Machine Learning Engineer,"Staff Machine Learning Engineer, Financial Connections",Stripe,"Seattle, WA",Not specified,,5-7 years,"Python, TensorFlow, Keras, PyTorch, AWS, Docker",2026-08-25,,0,https://www.linkedin.com/jobs/view/staff-machine-learning-engineer-financial-connections-at-stripe-4458583072,,,,,,False,85,Valid,"Staff Machine Learning Engineer position at Stripe in Seattle, WA, focusing on financial connections.",False
847f4546-4ef1-4d23-af14-a45d0f7ac0f1,611c3f4142783979e2b6affcc685c14d,2026-08-25,LinkedIn,Machine Learning Engineer,Sr. ML Engineer,Richmond National,"Glen Allen, VA",Not specified,,5-7 years,"Python, TensorFlow, Keras, Scikit-learn, PyTorch, AWS SageMaker",2026-08-24,,0,https://www.linkedin.com/jobs/view/sr-ml-engineer-at-richmond-national-4440048812,,,,,,False,80,Valid,Richmond National is seeking a Sr. ML Engineer to lead the development of machine learning models and algorithms.,False
96d85fb3-056f-439c-b00e-a0373a157e80,7102dc890317f3497e6c111925eeb736,2026-08-25,LinkedIn,Machine Learning Engineer,ML Engineer,Wispr Flow,"San Francisco, CA",Not specified,,3-5 years,"Python, TensorFlow, Keras, Scikit-learn, PyTorch, AWS",2026-08-25,,0,https://www.linkedin.com/jobs/view/ml-engineer-at-wispr-flow-4434758293,,,,,,False,85,Valid,"Wispr Flow is seeking an experienced ML Engineer to develop and implement machine learning models in San Francisco, CA.",False
85744d44-fc22-40ea-9591-e324ea93d144,58c3310ee0c694225e84da2ecf5f79f7,2026-08-25,LinkedIn,Machine Learning Engineer,AI Engineer,Haystack,"Houston, TX",Not specified,,3-5 years,"Python, TensorFlow, Keras, PyTorch, AWS SageMaker, Docker",2026-08-25,,0,https://www.linkedin.com/jobs/view/ai-engineer-at-haystack-4458763005,,,,,,False,85,Valid,"Haystack is seeking an AI Engineer to join their team in Houston, TX. The ideal candidate will have experience in developing and deploying AI models.",False
1612cc71-198d-4bad-ab3e-6f34127bda87,88e75029e456a9c2d02cd6986343ab9f,2026-08-25,LinkedIn,Machine Learning Engineer,Artificial Intelligence/Machine Learning (AI/ML) Engineer 2 TS/SCI w Poly,Peraton,"Laurel, MD",Not specified,,Not specified,"Python, TensorFlow, Keras, Scikit-learn, AWS, Docker",2026-08-24,,0,https://www.linkedin.com/jobs/view/artificial-intelligence-machine-learning-ai-ml-engineer-2-ts-sci-w-poly-at-peraton-4457145378,,,,,,False,85,Valid,"Peraton is hiring an AI/ML Engineer 2 with TS/SCI clearance and polygraph for their Laurel, MD location.",False
3b8791c3-4413-4f05-abd6-81073fa4cef2,c4f38c31acb3e5b151ca6b0bba424ace,2026-08-25,LinkedIn,Machine Learning Engineer,Senior Machine Learning Engineer - AV Labs,Uber,"Sunnyvale, CA",Not specified,,5-7 years,"Python, TensorFlow, PyTorch, Keras, Scikit-learn, OpenCV",2026-08-25,,0,https://www.linkedin.com/jobs/view/senior-machine-learning-engineer-av-labs-at-uber-4458553267,,,,,,False,85,Valid,"Senior Machine Learning Engineer position at Uber's AV Labs in Sunnyvale, CA, focusing on autonomous vehicle development.",False
5be63a5e-1121-4d0b-8c43-64c004259d5a,75ab782a583308a7c873f5a1789755f4,2026-08-25,LinkedIn,Machine Learning Engineer,Senior Machine Learning Engineer,Air,"Pittsburgh, PA",Not specified,,5-7 years,"Python, TensorFlow, Keras, Scikit-learn, AWS, Docker",2026-08-24,,0,https://www.linkedin.com/jobs/view/senior-machine-learning-engineer-at-air-4447983759,,,,,,False,85,Valid,"Air is seeking a Senior Machine Learning Engineer to develop and implement machine learning models in Pittsburgh, PA.",False
c9e8adc3-3cdd-47ef-9e44-73bc6bdb9a91,2418f2d953b2b30ee2d48cd121ae2d68,2026-08-25,LinkedIn,Machine Learning Engineer,Artificial Intelligence/Machine Learning (AI/ML) Engineer 3 TS/SCI w Poly,Peraton,"Laurel, MD",Not specified,,3-5 years,"Python, TensorFlow, Keras, Scikit-learn, AWS, Docker",2026-08-25,,0,https://www.linkedin.com/jobs/view/artificial-intelligence-machine-learning-ai-ml-engineer-3-ts-sci-w-poly-at-peraton-4448251848,,,,,,False,80,Valid,"Peraton is hiring an AI/ML Engineer 3 with TS/SCI clearance and polygraph for their Laurel, MD location.",False
6b5fc005-a4e5-4522-ade3-a49a888f54a9,68cb9545825e04eb867b6d6c7e7ef4fe,2026-08-25,LinkedIn,Machine Learning Engineer,Machine Learning Engineer 727,"Freedom Technology Solutions Group, LLC","St Louis, MO",Not specified,,5-7 years,"Python, TensorFlow, Keras, Scikit-learn, AWS, Docker",2026-08-25,,0,https://www.linkedin.com/jobs/view/machine-learning-engineer-727-at-freedom-technology-solutions-group-llc-4448395585,,,,,,False,80,Valid,"Freedom Technology Solutions Group, LLC is seeking a Machine Learning Engineer to join their team in St Louis, MO. The ideal candidate will have experience in machine learning engineering and a strong understanding of relevant technologies.",False
c1d7c129-db00-46d6-9925-053db1250491,11c98f8ac1c2d70a81dcef1aef3ff277,2026-08-25,LinkedIn,Machine Learning Engineer,"Machine Learning Engineer, Speech LLM Training",Jobright.ai,"San Francisco, CA",Not specified,,3-5 years,"TensorFlow, PyTorch, Python, AWS, Docker, Kubernetes",2026-08-24,,0,https://www.linkedin.com/jobs/view/machine-learning-engineer-speech-llm-training-at-jobright-ai-4457170691,,,,,,False,80,Valid,"Jobright.ai is hiring a Machine Learning Engineer for Speech LLM Training in San Francisco, CA. The role involves developing and training speech models.",False
320bd699-44e8-4e52-b3bf-6469b74811d3,7884e66ed1ee2e57f7f6d9765eddee47,2026-08-25,LinkedIn,Machine Learning Engineer,"Sr. Machine Learning Engineer, Ads Modeling",Unity,"Mountain View, CA",Not specified,,5-7 years,"Python, TensorFlow, PyTorch, AWS, Docker, SQL",2026-08-24,,0,https://www.linkedin.com/jobs/view/sr-machine-learning-engineer-ads-modeling-at-unity-4457151282,,,,,,False,85,Valid,Unity is seeking a Sr. Machine Learning Engineer to develop and implement machine learning models for ads modeling. The ideal candidate will have experience with machine learning and data analysis.,False
4da447b7-6c4b-4901-b952-74cda7120a91,1c4d58dfb447a4165784985350588021,2026-08-25,LinkedIn,Machine Learning Engineer,Staff Machine Learning Engineer,EvenUp,"San Francisco, CA",Not specified,,5-7 years,"TensorFlow, PyTorch, Python, AWS, Docker, Kubernetes",2026-08-25,,0,https://www.linkedin.com/jobs/view/staff-machine-learning-engineer-at-evenup-4439800403,,,,,,False,85,Valid,"Staff Machine Learning Engineer position at EvenUp in San Francisco, CA, requiring expertise in machine learning engineering.",False
8441bcff-f21e-44b5-8009-4993e8d4b050,98413ef184be7ef02b30ba2c30619b86,2026-08-25,LinkedIn,Machine Learning Engineer,"Senior ML Engineer, Computer Vision - Applied AI",Uber,"San Francisco, CA",Not specified,,5-7 years,"Python, TensorFlow, PyTorch, OpenCV, Keras, Scikit-learn",2026-08-25,,0,https://www.linkedin.com/jobs/view/senior-ml-engineer-computer-vision-applied-ai-at-uber-4458546952,,,,,,False,85,Valid,"Senior ML Engineer, Computer Vision - Applied AI role at Uber in San Francisco, CA, focusing on computer vision and machine learning.",False
ba98fabc-994e-4674-b837-8142efe50135,e8ebfa79fb2c7257b2f472e2d41d1cce,2026-08-25,LinkedIn,Machine Learning Engineer,Lead Machine Learning Engineer,Capital One,"New York, NY",Not specified,,5-7 years,"Python, TensorFlow, Keras, Scikit-learn, AWS, Docker",2026-08-25,,0,https://www.linkedin.com/jobs/view/lead-machine-learning-engineer-at-capital-one-4458762404,,,,,,False,85,Valid,"Lead Machine Learning Engineer at Capital One in New York, NY. Develop and lead machine learning projects to drive business growth.",False
35ae4bcc-bcc0-42f2-bb99-62b96bcde524,f83fd11d96756f4929f941d1bbbefc53,2026-08-25,LinkedIn,Machine Learning Engineer,Machine Learning Engineer,Jack,"San Francisco, CA",Not specified,,5-7 years,"Python, TensorFlow, Keras, Scikit-learn, AWS SageMaker, Docker",2026-08-25,,0,https://www.linkedin.com/jobs/view/machine-learning-engineer-at-jack-4457412319,,,,,,False,80,Valid,"Jack is hiring a Machine Learning Engineer in San Francisco, CA. The ideal candidate will design and develop machine learning models to drive business growth.",False
1a11a3d4-b457-4651-b030-dfd7e0bcab51,67e19c3b520bb2dde49011f5b13dfd38,2026-08-25,LinkedIn,Machine Learning Engineer,"Machine Learning Engineer Graduate (Tech and Product, USDS) - 2027 Start",TikTok USDS Joint Venture,"San Jose, CA",Not specified,,0-2 years,"Python, TensorFlow, Keras, PyTorch, Scikit-learn, AWS",2026-08-25,,0,https://www.linkedin.com/jobs/view/machine-learning-engineer-graduate-tech-and-product-usds-2027-start-at-tiktok-usds-joint-venture-4446630169,,,,,,False,85,Valid,"TikTok USDS Joint Venture is hiring a Machine Learning Engineer Graduate for a 2027 start in San Jose, CA. The role involves working on tech and product development.",False
4ac78b56-2436-4f3e-aeca-2ff76e4517b1,18cffe848c4c628ce972712cb6bf499e,2026-08-25,LinkedIn,Machine Learning Engineer,"Machine Learning Engineer Graduate (Tech and Product, USDS) - 2027 Start",TikTok USDS Joint Venture,"Seattle, WA",Not specified,,Not specified,"Python, TensorFlow, Keras, Scikit-learn, PyTorch, AWS",2026-08-25,,0,https://www.linkedin.com/jobs/view/machine-learning-engineer-graduate-tech-and-product-usds-2027-start-at-tiktok-usds-joint-venture-4446614543,,,,,,False,80,Valid,"TikTok USDS Joint Venture is hiring a Machine Learning Engineer Graduate for a 2027 start in Seattle, WA. The role involves working on tech and product development.",False
a7c62c95-44da-4b55-8367-e049836581a5,df451af21138be837786536901d22d2c,2026-08-25,LinkedIn,Machine Learning Engineer,"Machine Learning Engineer, Platform",Brain Co.,"Albany, New York Metropolitan Area",Not specified,,5-7 years,"Python, TensorFlow, Keras, Docker, Kubernetes, AWS",2026-08-25,,0,https://www.linkedin.com/jobs/view/machine-learning-engineer-platform-at-brain-co-4448672505,,,,,,False,85,Valid,Brain Co. is seeking a Machine Learning Engineer to develop and maintain platform-level machine learning capabilities. The ideal candidate will have experience with machine learning engineering and a strong understanding of software development principles.,False
e56bcd6a-cfc7-4b92-be08-9249c155b024,a1e6c69edef717f1f1aabea1e8aec5e9,2026-08-25,LinkedIn,Machine Learning Engineer,Lead Machine Learning Engineer,Capital One,"Chicago, IL",Not specified,,7-10 years,"Python, TensorFlow, Keras, Scikit-learn, AWS, Docker",2026-08-25,,0,https://www.linkedin.com/jobs/view/lead-machine-learning-engineer-at-capital-one-4458751530,,,,,,False,85,Valid,"Lead Machine Learning Engineer at Capital One in Chicago, IL. Develop and implement machine learning models to drive business growth.",False
9986413f-2245-416a-8f08-10d8d934070b,a224ef3d99ba9726ec3d3e469b68ee64,2026-08-25,LinkedIn,Machine Learning Engineer,Machine Learning Engineer,Strategic Employment Partners (SEP),"Chicago, IL",Not specified,,5-7 years,"Python, TensorFlow, Keras, Scikit-learn, AWS, Docker",2026-08-25,,0,https://www.linkedin.com/jobs/view/machine-learning-engineer-at-strategic-employment-partners-sep-4458791101,,,,,,False,85,Valid,"Strategic Employment Partners (SEP) is seeking a Machine Learning Engineer in Chicago, IL. The ideal candidate will have experience in machine learning engineering and a strong technical background.",False
3c240a51-8412-4455-93cd-ae5b8294bba0,72c21796e5c1d5bcb6bade48e79bd0d0,2026-08-25,LinkedIn,Machine Learning Engineer,Senior Machine Learning Engineer - AI Platform,Workday,"Boulder, CO",Not specified,,5-7 years,"Python, TensorFlow, Keras, AWS, Docker, Kubernetes",2026-08-25,,0,https://www.linkedin.com/jobs/view/senior-machine-learning-engineer-ai-platform-at-workday-4446282072,,,,,,False,85,Valid,Workday is seeking a Senior Machine Learning Engineer to develop AI platform capabilities. The ideal candidate will have experience in machine learning and AI.,False
eaaac7f1-e02e-4011-9545-4154670e6bcf,89abbc1a7b1fbb028c8e0c6a0db77de5,2026-08-25,LinkedIn,Machine Learning Engineer,Senior ML/AI Engineer,MrBeast,"San Francisco, CA",Not specified,,5-7 years,"TensorFlow, PyTorch, Scikit-Learn, Keras, Python, AWS SageMaker",2026-08-25,,0,https://www.linkedin.com/jobs/view/senior-ml-ai-engineer-at-mrbeast-4421850307,,,,,,False,80,Valid,"MrBeast is seeking a Senior ML/AI Engineer to join their team in San Francisco, CA. The ideal candidate will have experience in developing and deploying machine learning models.",False
4d63ea93-a9e5-4925-af05-60a6ec0bf593,022863cc9ea9d47af76ca737a595b584,2026-08-25,LinkedIn,Machine Learning Engineer,AI/ML Engineer (SME),Vantor,"Arlington, VA",Not specified,,5-7 years,"Python, TensorFlow, Keras, PyTorch, Scikit-learn, AWS",2026-08-24,,0,https://www.linkedin.com/jobs/view/ai-ml-engineer-sme-at-vantor-4402175915,,,,,,False,85,Valid,Vantor is seeking an AI/ML Engineer with expertise in developing and implementing AI and machine learning solutions. The ideal candidate will have a strong background in AI and machine learning and experience with software development.,False
52e1df98-5de3-43ac-aa79-f8c80ed1a90d,3fe0499b35bfda7282bd1b3ec66ee18f,2026-08-25,LinkedIn,Machine Learning Engineer,Applied AI Engineer,SOCOTEC US,"New York, NY",Not specified,,3-5 years,"Python, TensorFlow, Keras, PyTorch, AWS, Machine Learning",2026-08-25,,0,https://www.linkedin.com/jobs/view/applied-ai-engineer-at-socotec-us-4448641214,,,,,,False,80,Valid,"SOCOTEC US is hiring an Applied AI Engineer in New York, NY. The role involves applying AI to real-world problems.",False
cae84474-6342-4673-ba88-3dd21c2d1eec,adb3c2975b6817ea49e75382c25651a7,2026-08-25,Dice,Machine Learning Engineer,Machine Learning Engineer,Disney Entertainment and ESPN Product &amp; Technology,"New York, New York • Today",Not specified,,3-5 years,"Python, TensorFlow, Keras, Scikit-learn, AWS, Docker","New York, New York • Today",,0,https://www.dice.com/job-detail/c3b87461-3f7a-4559-baab-f76c79bfc2f1,,,,,c3b87461-3f7a-4559-baab-f76c79bfc2f1,False,85,Valid,Disney Entertainment and ESPN Product & Technology is seeking a Machine Learning Engineer to develop and implement machine learning models for various applications.,False
b31f267c-a365-4ffd-a3a3-45af98c35cbf,6a2aa711ece128c20bc57f8200b21ae4,2026-08-25,Dice,Machine Learning Engineer,Machine Learning Engineer,Disney Entertainment and ESPN Product &amp; Technology,"Glendale, California • Today",Not specified,,5-7 years,"Python, TensorFlow, Keras, Scikit-learn, AWS, Docker","Glendale, California • Today",,0,https://www.dice.com/job-detail/fbd44af7-998b-475e-a15d-5767ba847a0a,,,,,fbd44af7-998b-475e-a15d-5767ba847a0a,False,85,Valid,"Disney Entertainment and ESPN Product & Technology is hiring a Machine Learning Engineer in Glendale, California. The ideal candidate will have experience in machine learning engineering and a strong understanding of software development principles.",False
3ab82974-d41c-458d-b989-fd435f3934c9,c7997e9fb8a3bab9af7a1a594115d891,2026-08-25,Dice,Machine Learning Engineer,Machine Learning Engineer,Capital One,"McLean, Virginia • Today",Not specified,,5-7 years,"Python, TensorFlow, Keras, Scikit-learn, AWS, Docker","McLean, Virginia • Today",,0,https://www.dice.com/job-detail/618bca8f-2dff-488c-a1e5-7415d5e37c92,,,,,618bca8f-2dff-488c-a1e5-7415d5e37c92,False,85,Valid,Capital One is seeking a Machine Learning Engineer to develop and deploy machine learning models. The ideal candidate will have experience with machine learning algorithms and software development.,False
d3e7b9d5-11d4-411c-9402-7b214fab3a3f,367122f16f54280e53b6806f0219bf10,2026-08-25,Dice,Machine Learning Engineer,Machine Learning Engineer,Capital One,"McLean, Virginia • Today",Not specified,,5-7 years,"Python, TensorFlow, Keras, Scikit-learn, AWS, Docker","McLean, Virginia • Today",,0,https://www.dice.com/job-detail/bc4abf2d-d9ef-41f1-a026-a591eb03dcfe,,,,,bc4abf2d-d9ef-41f1-a026-a591eb03dcfe,False,85,Valid,Capital One is seeking a Machine Learning Engineer to develop and deploy machine learning models to drive business growth and improve customer experience.,False
6d796c5d-8f92-4393-8486-93f0e711b76d,ccd5dd5a947d1e2b7ba5d4f1d4552643,2026-08-25,Dice,Machine Learning Engineer,Machine Learning Engineer,Capital One,"McLean, Virginia • Today",Not specified,,Not specified,,"McLean, Virginia • Today",,0,https://www.dice.com/job-detail/1d8f9663-82c0-4f5d-bdff-97d076a8a64c,,,,,1d8f9663-82c0-4f5d-bdff-97d076a8a64c,False,50,Partial,AI unavailable,False
43614ce1-eb00-4320-9180-c46861d845b5,1e08eaf7bdae016e7d892b8dc8ab53b4,2026-08-25,Dice,Machine Learning Engineer,Machine Learning Engineer,Capital One,"McLean, Virginia • Today",Not specified,,Not specified,,"McLean, Virginia • Today",,0,https://www.dice.com/job-detail/8f8e43f2-e316-489d-a5b2-9a432210b637,,,,,8f8e43f2-e316-489d-a5b2-9a432210b637,False,50,Partial,AI unavailable,False
d2962512-7ce2-422f-8b07-0bb378b2f2d9,83754365e00371404e54d5845dad4254,2026-08-25,Dice,Machine Learning Engineer,Machine Learning Engineer,Capital One,"Plano, Texas • Today",Not specified,,Not specified,,"Plano, Texas • Today",,0,https://www.dice.com/job-detail/c82ab18a-974a-4631-b59b-312e55a15e79,,,,,c82ab18a-974a-4631-b59b-312e55a15e79,False,50,Partial,AI unavailable,False
fbd757fb-8bcb-4546-9d81-1c9ede485def,337d5690ef87ec190151bcebc68a8b28,2026-08-25,Dice,Machine Learning Engineer,Machine Learning Engineer,Capital One,"McLean, Virginia • Today",Not specified,,Not specified,,"McLean, Virginia • Today",,0,https://www.dice.com/job-detail/5c246d3f-6e45-42e9-90b5-90ad47bdc3f2,,,,,5c246d3f-6e45-42e9-90b5-90ad47bdc3f2,False,50,Partial,AI unavailable,False
ba5a58f5-a3a3-47b4-b064-8f0b93644642,6430f214c608e54e5440cd40a76b1390,2026-08-25,Dice,Machine Learning Engineer,Machine Learning Engineer,BURGEON IT SERVICES LLC,"Hybrid in New York, New York • Today",Not specified,,Not specified,,"Hybrid in New York, New York • Today",,0,https://www.dice.com/job-detail/56718ce1-fd13-40dc-874c-67ccaa139d58,,,,,56718ce1-fd13-40dc-874c-67ccaa139d58,False,50,Partial,AI unavailable,False
e118a169-3a5b-476c-afce-359220ffccab,2570d1e5dbb3d11c3bce2b6625e4e401,2026-08-25,Dice,Machine Learning Engineer,Machine Learning Engineer,Machine Learning Engineer - Hybrid,XPO,Not specified,,Not specified,,"Boston, Massachusetts • Today",,0,https://www.dice.com/job-detail/e9650022-addf-4b23-bf4c-c1d75d2226a2,,,,,e9650022-addf-4b23-bf4c-c1d75d2226a2,False,50,Partial,AI unavailable,False
0fbf6b5f-530d-4373-9448-9e27876b196c,00c9ffa8ac66a22bb446d6842e8ffeb6,2026-08-25,Dice,Machine Learning Engineer,Machine Learning Engineer,Capital One,"McLean, Virginia • Today",Not specified,,Not specified,,"McLean, Virginia • Today",,0,https://www.dice.com/job-detail/55356995-ff2c-4089-9371-67aa88038955,,,,,55356995-ff2c-4089-9371-67aa88038955,False,50,Partial,AI unavailable,False
f82660d9-3058-47ad-a48e-4bbec82ce105,5b6200ff73b87b7b0c33df5b3dbaa610,2026-08-25,Dice,Machine Learning Engineer,Machine Learning Engineer,Rivian,"Palo Alto, California • Today",Not specified,,Not specified,,"Palo Alto, California • Today",,0,https://www.dice.com/job-detail/ad743291-0cfe-42cf-8ba9-d294b37ab2e3,,,,,ad743291-0cfe-42cf-8ba9-d294b37ab2e3,False,50,Partial,AI unavailable,False
4ac3163d-b45a-4cba-82d8-ff8f66d24ae4,33d738c6a01ab1b9fe564c62c6fdb90a,2026-08-25,Dice,Machine Learning Engineer,Machine Learning Engineer,Capital One,"Chicago, Illinois • Today",Not specified,,Not specified,,"Chicago, Illinois • Today",,0,https://www.dice.com/job-detail/bf864fca-9e7f-4594-a8a9-7d7262d052c3,,,,,bf864fca-9e7f-4594-a8a9-7d7262d052c3,False,50,Partial,AI unavailable,False
2a6d3979-4984-4dc9-9deb-cbaa0e2b058d,5a731f0b59df673527e6b97cd854b1fc,2026-08-25,Built In,Machine Learning Engineer,Sr. AI/ML Engineer,Sr. AI/ML Engineer,Reposted 15 Hours Ago,Not specified,,Not specified,,,,0,https://builtin.com/job/sr-ai-ml-engineer/10390409,,,,,,False,50,Partial,AI unavailable,False
8967f2c8-e2d3-4e3f-bc8d-3fde319fb9c6,d0388e7e4327c3a71d94886e59926713,2026-08-25,Built In,Machine Learning Engineer,Machine Learning Engineer,Machine Learning Engineer,Reposted 15 Hours Ago,Not specified,,Not specified,,,,0,https://builtin.com/job/machine-learning-engineer/10464910,,,,,,False,50,Partial,AI unavailable,False
28b94d5b-ea23-4052-9248-fc6fc168f4b0,1c81ea64696aeb8a43574c56aced77eb,2026-08-25,Built In,Machine Learning Engineer,AI/ML Engineer,AI/ML Engineer,Yesterday,Not specified,,Not specified,,,,0,https://builtin.com/job/ai-ml-engineer/10819173,,,,,,False,50,Partial,AI unavailable,False
f2cf9e02-a60f-401d-84a5-d13a90fe5912,bd27403c5cc39f9a5a6c5939e29d9a20,2026-08-25,Built In,Machine Learning Engineer,Senior AI/ML Engineer,Senior AI/ML Engineer,Reposted Yesterday,Not specified,,Not specified,,,,0,https://builtin.com/job/senior-ai-ml-engineer/10545459,,,,,,False,50,Partial,AI unavailable,False
9d161f69-0cb4-488e-a90b-eb917f23a321,c05c157ed76d06b2a937c9f1f7675f24,2026-08-25,Built In,Machine Learning Engineer,Lead AI/ML Engineer,Lead AI/ML Engineer,Yesterday,Not specified,,Not specified,,,,0,https://builtin.com/job/lead-ai-ml-engineer/10819111,,,,,,False,50,Partial,AI unavailable,False
3be58a78-9856-4e39-92fd-15b211daebaa,fa20a20d563d3f59c9cbfd83e93010b7,2026-08-25,Built In,Machine Learning Engineer,Principal Machine Learning Engineer,Principal Machine Learning Engineer,Reposted Yesterday,Not specified,,Not specified,,,,0,https://builtin.com/job/principal-engineer/10326794,,,,,,False,50,Partial,AI unavailable,False
cb4e6227-1c65-4926-b6a0-919ec7e0719e,8dcf51195a40150c138fa8cf47720921,2026-08-25,Built In,Machine Learning Engineer,AI/ML Engineer,AI/ML Engineer,Reposted Yesterday,Not specified,,Not specified,,,,0,https://builtin.com/job/ai-ml-engineer/10443483,,,,,,False,50,Partial,AI unavailable,False
79c5c67f-37ad-43c4-8304-abde6b4f7452,45ccb1e4d96f1fda71afb4cd494267df,2026-08-25,Built In,Machine Learning Engineer,Senior AI ML Engineer,Senior AI ML Engineer,Reposted Yesterday,Not specified,,Not specified,,,,0,https://builtin.com/job/associate-ai-ml-engineer/10057149,,,,,,False,50,Partial,AI unavailable,False
43e9294e-8873-47a7-8f58-d78906946775,cc0b35aecddc845874502ce2651ef61b,2026-08-25,Built In,Machine Learning Engineer,Principal Machine Learning Engineer,Principal Machine Learning Engineer,Reposted Yesterday,Not specified,,Not specified,,,,0,https://builtin.com/job/principal-machine-learning-engineer/10381923,,,,,,False,50,Partial,AI unavailable,False
c7c566ce-ee42-40cd-a51c-cfc99db741c5,2d4d4d82547e517d4f0ee0a42fc94fb0,2026-08-25,Built In,Machine Learning Engineer,AI/ML Engineer,AI/ML Engineer,Reposted 2 Days Ago,Not specified,,Not specified,,,,0,https://builtin.com/job/ai-ml-engineer/10424099,,,,,,False,50,Partial,AI unavailable,False
9d414f26-1344-4c7f-b020-ef17370fc5e9,ce8a1d618677f3946a19cfd4609ff44a,2026-08-25,Built In,Machine Learning Engineer,AI/ML Engineer,AI/ML Engineer,3 Days Ago,Not specified,,Not specified,,,,0,https://builtin.com/job/ai-ml-engineer/10803483,,,,,,False,50,Partial,AI unavailable,False
e57205ff-c9d8-4cb9-952a-384b8fde9446,52a3b0fd518f65da5a39c1dbcbd256ee,2026-08-25,Built In,Machine Learning Engineer,Senior AI/ML Engineer,Senior AI/ML Engineer,3 Days Ago,Not specified,,Not specified,,,,0,https://builtin.com/job/senior-ai-ml-engineer/10803474,,,,,,False,50,Partial,AI unavailable,False
f4b8c25c-09ec-452f-a14d-14e64f1bca00,11a50a07f5dbed703fe6b3d13c742164,2026-08-25,Built In,Machine Learning Engineer,AI ML Engineer,AI ML Engineer,Reposted 4 Days Ago,Not specified,,Not specified,,,,0,https://builtin.com/job/ai-ml-engineer/10583391,,,,,,False,50,Partial,AI unavailable,False
0ba6bf1b-d9b4-4cdb-b3aa-19b5cca3c29f,8c0ebb28459ea767a6bd0cce9b674cf4,2026-08-25,Built In,Machine Learning Engineer,Senior AI/ML Engineer,Senior AI/ML Engineer,Reposted 4 Days Ago,Not specified,,Not specified,,,,0,https://builtin.com/job/senior-ai-ml-engineer/10526476,,,,,,False,50,Partial,AI unavailable,False
99edcc1c-4511-43f1-a4d1-9eacaf671c6b,7f70652b01a17bb9e0814c8f090a9c9e,2026-08-25,Built In,Machine Learning Engineer,Applied AI/ML Engineer,Applied AI/ML Engineer,Reposted 4 Days Ago,Not specified,,Not specified,,,,0,https://builtin.com/job/applied-ai-ml-engineer/10753297,,,,,,False,50,Partial,AI unavailable,False
f3b02bce-ffe4-495e-bcf2-1adcc2adbce3,aeaf4d022835d7979e19f8959e479574,2026-08-25,Built In,Machine Learning Engineer,Machine Learning Engineer,Machine Learning Engineer,Reposted 4 Days Ago,Not specified,,Not specified,,,,0,https://builtin.com/job/machine-learning-engineer/9755949,,,,,,False,50,Partial,AI unavailable,False
c5ed5d9b-cce2-4bb7-ad8c-4c6a946eb7d2,5354e30c799b5e088e0e2752821b2266,2026-08-25,Built In,Machine Learning Engineer,AI/ML Engineer - AI and Java Spring,AI/ML Engineer - AI and Java Spring,5 Days Ago,Not specified,,Not specified,,,,0,https://builtin.com/job/ai-ml-engineer-ai-and-java-spring/10780255,,,,,,False,50,Partial,AI unavailable,False
59550aed-c29d-468a-9ec8-5260ee070c51,76881dfb14315703dbfea1cedc4376bb,2026-08-25,Built In,Machine Learning Engineer,Senior AI or ML Engineer,Senior AI or ML Engineer,5 Days Ago,Not specified,,Not specified,,,,0,https://builtin.com/job/senior-ai-or-ml-engineer/10780057,,,,,,False,50,Partial,AI unavailable,False
b2b063c7-659e-45ef-8fa9-2dd7cbc6d2aa,4336eca9ff7363e13941a88f01c6e500,2026-08-25,Built In,Machine Learning Engineer,Senior AI/ML Engineer (Gen AI Specialist),Senior AI/ML Engineer (Gen AI Specialist),5 Days Ago,Not specified,,Not specified,,,,0,https://builtin.com/job/senior-ai-ml-engineer-gen-ai-specialist/10779884,,,,,,False,50,Partial,AI unavailable,False
e48e0806-5317-463e-8e64-8a68ad3a4f98,33bb2b5379e4fa94119cf8847bfcf9a0,2026-08-25,Built In,Machine Learning Engineer,"AI/ML Engineer-Python, ML, DL, GenAI, AWS/Azure cloud","AI/ML Engineer-Python, ML, DL, GenAI, AWS/Azure cl",5 Days Ago,Not specified,,Not specified,,,,0,https://builtin.com/job/ai-ml-engineer-python-ml-dl-genai-aws-azure-cloud/10779746,,,,,,False,50,Partial,AI unavailable,False
92ecdd91-dc07-4ad3-ae03-cef4d7d67dd9,97badbfdd09b2fbae93815478f9e3949,2026-08-25,Built In,Machine Learning Engineer,"Lead AI/ML Engineer(MCP , terraform, Agentic Protocols,LLMs)","Lead AI/ML Engineer(MCP , terraform, Agentic Proto",Reposted 5 Days Ago,Not specified,,Not specified,,,,0,https://builtin.com/job/lead-ai-ml-engineer/9477708,,,,,,False,50,Partial,AI unavailable,False
93b42945-999b-4c5f-9503-93ab01940adc,f9a6b1d2fa99dde18d300deea082c8fb,2026-08-25,Built In,Machine Learning Engineer,"Senior AI/ML Engineer - Gen AI, LLM, AWS, Python/JAVA","Senior AI/ML Engineer - Gen AI, LLM, AWS, Python/J",Reposted 6 Days Ago,Not specified,,Not specified,,,,0,https://builtin.com/job/senior-ai-ml-engineer-gen-ai-llm-aws-python-java/10375774,,,,,,False,50,Partial,AI unavailable,False
64adf1b6-f456-40b5-b685-b0f4ea52d317,68f9bf936fd5643b4f2335e2f583aafd,2026-08-25,Built In,Machine Learning Engineer,AI/ML Engineer,AI/ML Engineer,Reposted 6 Days Ago,Not specified,,Not specified,,,,0,https://builtin.com/job/ai-ml-engineer/10375758,,,,,,False,50,Partial,AI unavailable,False
badb7f48-1df2-4454-85dc-ab28db71ede6,74c8924a7242de2dc6188d4ea5ce9534,2026-08-25,Built In,Machine Learning Engineer,Associate AI/ML Engineer,Associate AI/ML Engineer,Reposted 6 Days Ago,Not specified,,Not specified,,,,0,https://builtin.com/job/associate-ai-ml-engineer/10375821,,,,,,False,50,Partial,AI unavailable,False
8144093b-1613-42fe-9a7e-e9fbd0ab492a,485366a568bed13efa526280e3572f25,2026-08-25,Built In,Machine Learning Engineer,Senior AI ML Engineer,Senior AI ML Engineer,Reposted 6 Days Ago,Not specified,,Not specified,,,,0,https://builtin.com/job/senior-ai-ml-engineer/10375772,,,,,,False,50,Partial,AI unavailable,False
04e1b2c5-71b9-48f2-97e3-72c25cff4a12,6c2ae06c61b8228625d7eea9c0cc07b5,2026-08-25,LinkedIn,Databricks Engineer,Engineer,Tata Consultancy Services,"Irving, TX",Not specified,,Not specified,,2026-08-25,,0,https://www.linkedin.com/jobs/view/engineer-at-tata-consultancy-services-4439464999,,,,,,False,50,Partial,AI unavailable,False
3281461b-adf3-4e0e-b7d8-8638876143cb,fcda5998739cdf6c34f8808d9615c3ed,2026-08-25,LinkedIn,Databricks Engineer,Lead Azure Data Engineer (USC/GC on W2),"AppLab Systems, Inc",New York City Metropolitan Area,Not specified,,Not specified,,2026-08-25,,0,https://www.linkedin.com/jobs/view/lead-azure-data-engineer-usc-gc-on-w2-at-applab-systems-inc-4457603083,,,,,,False,50,Partial,AI unavailable,False
ed3ab727-7236-4aa8-8a3d-0e57c15cfd33,5825188c7427c549c0a6269907c4eb09,2026-08-25,LinkedIn,Databricks Engineer,Data Engineer,Ranger Technical Resources,"Florida, United States",Not specified,,Not specified,,2026-08-24,,0,https://www.linkedin.com/jobs/view/data-engineer-at-ranger-technical-resources-4458506041,,,,,,False,50,Partial,AI unavailable,False
db57223f-9923-4794-843b-e485d0c317b1,00315f8dbaa17b268044c18e23b3d3b2,2026-08-25,LinkedIn,Databricks Engineer,Specialist Data Engineer,Metropolitan Transportation Authority,"New York, NY",Not specified,,Not specified,,2026-08-24,,0,https://www.linkedin.com/jobs/view/specialist-data-engineer-at-metropolitan-transportation-authority-4457172708,,,,,,False,50,Partial,AI unavailable,False
e42d75af-c7ed-4607-b6bb-3eaf446112e2,8f8ca06ebb0661689b79952426f098af,2026-08-25,LinkedIn,Databricks Engineer,Azure Databricks Engineer,PDSSOFT INC.,"Charlotte, NC",Not specified,,Not specified,,2026-08-25,,0,https://www.linkedin.com/jobs/view/azure-databricks-engineer-at-pdssoft-inc-4456939199,,,,,,False,50,Partial,AI unavailable,False
3b0c0ec9-9c63-4fa1-8ec4-87eb2ea41c17,39716b564b3892f6949c5d1bd3dad0eb,2026-08-25,LinkedIn,Databricks Engineer,Data Engineer,Prometheus Federal Services (PFS),"Fairfax, VA",Not specified,,Not specified,,2026-08-25,,0,https://www.linkedin.com/jobs/view/data-engineer-at-prometheus-federal-services-pfs-4456931659,,,,,,False,50,Partial,AI unavailable,False
29ca639a-1913-4c0f-af03-03d8452ec32e,7b02e64fc158c35a1dd1027412ddd018,2026-08-25,LinkedIn,Databricks Engineer,Senior Artificial Intelligence Data Engineer,Vizient,"Edina, MN",Not specified,,Not specified,,2026-08-25,,0,https://www.linkedin.com/jobs/view/senior-artificial-intelligence-data-engineer-at-vizient-4453984021,,,,,,False,50,Partial,AI unavailable,False
a067634e-9907-44ec-a1d7-b230d54ae0a1,b9783ba4ef51f1330d68005cef386d98,2026-08-25,LinkedIn,Databricks Engineer,"Staff Data Engineer, Data Products",The Hershey Company,"Dallas, TX",Not specified,,Not specified,,2026-08-25,,0,https://www.linkedin.com/jobs/view/staff-data-engineer-data-products-at-the-hershey-company-4457472776,,,,,,False,50,Partial,AI unavailable,False
0e43dc95-8c72-429f-877c-9d70d47172ff,c7b84c9e8d23ba5c74bf655ee1ada37d,2026-08-25,LinkedIn,Databricks Engineer,Data Engineer (Only W2),Maxonic Inc.,"Emeryville, CA",Not specified,,Not specified,,2026-08-24,,0,https://www.linkedin.com/jobs/view/data-engineer-only-w2-at-maxonic-inc-4457183599,,,,,,False,50,Partial,AI unavailable,False
bae0dbac-43ee-4818-9cb2-90199b0771ca,b08e039a0af342a172906695f7291f6d,2026-08-25,LinkedIn,Databricks Engineer,Azure data engineer,Amazech Solutions,"Fort Worth, TX",Not specified,,Not specified,,2026-08-24,,0,https://www.linkedin.com/jobs/view/azure-data-engineer-at-amazech-solutions-4456501562,,,,,,False,50,Partial,AI unavailable,False
0cb0838e-f2fe-42f5-8976-01e6e302ee55,943eaf7bd6ffb3661afca8e2aefd8d37,2026-08-25,Dice,Databricks Engineer,Databricks Engineer,Unique System Skills LLC,"Quincy, Massachusetts • Today",Not specified,,Not specified,,"Quincy, Massachusetts • Today",,0,https://www.dice.com/job-detail/0e172db0-7e64-45dc-8878-1311689b4a88,,,,,0e172db0-7e64-45dc-8878-1311689b4a88,False,50,Partial,AI unavailable,False
b3258dc7-205b-47af-9ef4-20ddb5e0767c,eb35dbefedf6e4a49c057b2529129cec,2026-08-25,Dice,Databricks Engineer,Databricks Engineer,Pioneer IT Systems LLC,Remote • Yesterday,Remote,,Not specified,,Remote • Yesterday,,0,https://www.dice.com/job-detail/33c6b633-ee4a-4136-bd34-202b556f198e,,,,,33c6b633-ee4a-4136-bd34-202b556f198e,False,50,Partial,AI unavailable,False
92a40263-2706-4c7b-9219-a553f58a86aa,b3e8f7a74df109956c2cab26c6d6e115,2026-08-25,Dice,Databricks Engineer,Databricks Engineer,Anblicks,"Hybrid in Coppell, Texas • 3d ago",Not specified,,Not specified,,"Hybrid in Coppell, Texas • 3d ago",,0,https://www.dice.com/job-detail/696bb07a-d08e-4d9e-86d9-9530f5c8d4d7,,,,,696bb07a-d08e-4d9e-86d9-9530f5c8d4d7,False,50,Partial,AI unavailable,False
1fc07e42-aa9b-45f6-a561-18b282dd9a10,cbb10deb4372061dc285cdc62f6c91c6,2026-08-25,Dice,Databricks Engineer,Databricks Engineer,"Hexaware Technologies, Inc","Reston, Virginia • Yesterday",Not specified,,Not specified,,"Reston, Virginia • Yesterday",,0,https://www.dice.com/job-detail/2589c8e5-44ac-441a-b66b-f2fdf6a22531,,,,,2589c8e5-44ac-441a-b66b-f2fdf6a22531,False,50,Partial,AI unavailable,False
ad661d2d-22b3-479c-b2c7-3d7819741cac,76faedcad8ec92f2eccd1ac2b2d94d59,2026-08-25,Dice,Databricks Engineer,Databricks Engineer,Satsyil Corporation,"Hybrid in Tysons, Virginia • Today",Not specified,,Not specified,,"Hybrid in Tysons, Virginia • Today",,0,https://www.dice.com/job-detail/7f34c0ca-2475-4a4d-8953-2b6dea851c28,,,,,7f34c0ca-2475-4a4d-8953-2b6dea851c28,False,50,Partial,AI unavailable,False
b099dcb7-0cf6-4cc7-9180-735bf0c810cb,470db25f931e18c6e0aad52951356a4a,2026-08-25,Dice,Databricks Engineer,Databricks Engineer,"Galaxy i Technologies, Inc.","Quincy, Massachusetts • Today",Not specified,,Not specified,,"Quincy, Massachusetts • Today",,0,https://www.dice.com/job-detail/d53ddaf8-b0f5-4e99-a0e3-65c9037fa7ed,,,,,d53ddaf8-b0f5-4e99-a0e3-65c9037fa7ed,False,50,Partial,AI unavailable,False
3b6d9e9f-529e-4bfa-93ba-681038d786b5,d9a4e8f553ac5bd56bd69836a80c0d50,2026-08-25,Dice,Databricks Engineer,Databricks Engineer,"Hiring | Databricks Engineer Lead | Minneapolis, MN | Contra",Healthcare Triangle Inc,Not specified,,Not specified,,"Hybrid in Minneapolis, Minnesota • 11d ago",,0,https://www.dice.com/job-detail/75746751-a769-4acf-a240-5ba5a0060064,,,,,75746751-a769-4acf-a240-5ba5a0060064,False,50,Partial,AI unavailable,False
b0d98481-60ee-4fd5-8b22-880cfcd69dbc,d3c51466ad868fd7d03a21942852c6af,2026-08-25,Dice,Databricks Engineer,Databricks Engineer,AWS Databricks Engineer - Healthcare Payer (Fully Remote),Palni Inc,Not specified,,Not specified,,Remote • Today,,0,https://www.dice.com/job-detail/d29b9a16-e788-491c-bf2f-c77bcdbcca8f,,,,,d29b9a16-e788-491c-bf2f-c77bcdbcca8f,False,50,Partial,AI unavailable,False
7416ff75-43e3-420c-9e1c-d5faed900300,9109030f9422ba16962f39cc88e87c05,2026-08-25,Dice,Databricks Engineer,Databricks Engineer,Guidehouse,"Arlington, Virginia • Today",Not specified,,Not specified,,"Arlington, Virginia • Today",,0,https://www.dice.com/job-detail/bea97235-2edf-4fc8-9697-0e70998ef2dc,,,,,bea97235-2edf-4fc8-9697-0e70998ef2dc,False,50,Partial,AI unavailable,False
4ad5afbe-7ab2-4faa-b77f-64586dd92f38,b51f1723b9b78cefa0c618aac00cac9d,2026-08-25,Dice,Databricks Engineer,Databricks Engineer,Xoriant Corporation,"Hybrid in Boston, Massachusetts • 3d ago",Not specified,,Not specified,,"Hybrid in Boston, Massachusetts • 3d ago",,0,https://www.dice.com/job-detail/06111fbf-e1da-49c6-b571-01d68ecbfc0d,,,,,06111fbf-e1da-49c6-b571-01d68ecbfc0d,False,50,Partial,AI unavailable,False
f709a61e-8407-4ae4-9bae-ee71226695e3,b146a992838531d725ea8bec1e932bcb,2026-08-25,Dice,Databricks Engineer,Databricks Engineer,AWS Databricks Engineer- Remote-6 Months - Must be authorize,Palni Inc,Not specified,,Not specified,,Remote • Today,,0,https://www.dice.com/job-detail/fd76e1fe-eda4-4375-8238-0ceac2c5caf7,,,,,fd76e1fe-eda4-4375-8238-0ceac2c5caf7,False,50,Partial,AI unavailable,False
239081e3-b6fc-442f-baf9-13626b238e7d,4fb1a5ba9e5258c4ec18b7bb09f991d3,2026-08-25,Dice,Databricks Engineer,Databricks Engineer,Xoriant Corporation,"Hybrid in Boston, Massachusetts • 7d ago",Not specified,,Not specified,,"Hybrid in Boston, Massachusetts • 7d ago",,0,https://www.dice.com/job-detail/cd8a22a5-24e9-41be-be3b-2dfd7c62a7aa,,,,,cd8a22a5-24e9-41be-be3b-2dfd7c62a7aa,False,50,Partial,AI unavailable,False
023c3143-173c-42fd-a7e9-be32b64a30fe,e7604f47cebf235ada37e82335a8f997,2026-08-25,Dice,Databricks Engineer,Databricks Engineer,Meraki7 Inc,"Phoenix, Arizona • 4d ago",Not specified,,Not specified,,"Phoenix, Arizona • 4d ago",,0,https://www.dice.com/job-detail/9a76c85c-5cbb-44d0-9b40-96d0fb1163ed,,,,,9a76c85c-5cbb-44d0-9b40-96d0fb1163ed,False,50,Partial,AI unavailable,False
8b901810-a547-423e-8bc5-af0184b2fc32,1f7f860d14d0c7f76016e7641ca1eb73,2026-08-25,Built In,Databricks Engineer,Principal Software Engineer -Forward Deployment Engineer - Databricks,Principal Software Engineer -Forward Deployment En,6 Days Ago,Not specified,,Not specified,,,,0,https://builtin.com/job/principal-software-engineer-forward-deployment-engineer-reframe/10750377,,,,,,False,50,Partial,AI unavailable,False
a03c51fc-fa8e-4a3c-92f1-d307391eefcd,1f1558ab78d63af10f5505f9bece369d,2026-08-25,Built In,Databricks Engineer,"Databricks Engineer, Data Platform & Data Science Tooling","Databricks Engineer, Data Platform & Data Science",Reposted 22 Days Ago,Not specified,,Not specified,,,,0,https://builtin.com/job/databricks-engineer-data-platform-data-science-tooling/10092888,,,,,,False,50,Partial,AI unavailable,False
1958f924-7a42-41c2-910d-8bfc724f60f3,ab90997db9d59dd0bc5d58c011fd5e5c,2026-08-25,Built In,Databricks Engineer,Senior Databricks Engineer,Senior Databricks Engineer,Reposted 15 Hours Ago,Not specified,,Not specified,,,,0,https://builtin.com/job/senior-databricks-engineer/10455284,,,,,,False,50,Partial,AI unavailable,False
aceb432b-c79b-4061-9224-cee05768b4e2,fda92127638119e7a7dca7761c7ef412,2026-08-25,Built In,Databricks Engineer,Senior / Lead Data Engineer - Azure Databricks,Senior / Lead Data Engineer - Azure Databricks,Yesterday,Not specified,,Not specified,,,,0,https://builtin.com/job/senior-lead-data-engineer-azure-databricks/10826687,,,,,,False,50,Partial,AI unavailable,False
a5074497-6762-45db-ad83-b5229e0ca2c1,a52468057284bc13a6f8a4383d9f09fe,2026-08-25,Built In,Databricks Engineer,Databricks Engineer,Databricks Engineer,Reposted Yesterday,Not specified,,Not specified,,,,0,https://builtin.com/job/databricks-engineer/10681101,,,,,,False,50,Partial,AI unavailable,False
2792bfe4-35dd-4fce-b263-d0dd846957a5,cc201d300abb3ba8f5b99788ee68b38c,2026-08-25,Built In,Databricks Engineer,Principal Databricks Developer,Principal Databricks Developer,Reposted Yesterday,Not specified,,Not specified,,,,0,https://builtin.com/job/principal-databricks-developer/10078672,,,,,,False,50,Partial,AI unavailable,False
1f603d36-0848-4868-855a-813baa2a0ead,b12bb4b8151770a79cdb6f6078b71638,2026-08-25,Built In,Databricks Engineer,Sr Data Engineer- Databricks,Sr Data Engineer- Databricks,Yesterday,Not specified,,Not specified,,,,0,https://builtin.com/job/sr-data-engineer-databricks/10821789,,,,,,False,50,Partial,AI unavailable,False
78549ac8-4e7d-438e-b0cb-40427177ef6d,57aa57452c3cd4a9273968e10513647c,2026-08-25,Built In,Databricks Engineer,Senior Data Engineer – AWS & Databricks,Senior Data Engineer – AWS & Databricks,Yesterday,Not specified,,Not specified,,,,0,https://builtin.com/job/senior-data-engineer-aws-databricks/10819892,,,,,,False,50,Partial,AI unavailable,False
9f47f6e5-07a6-4d4b-adb1-bff5f68fbb38,aebc88c01a034ddea8475f7dfc0a5582,2026-08-25,Built In,Databricks Engineer,Senior Data Engineer (Azure Databricks),Senior Data Engineer (Azure Databricks),Yesterday,Not specified,,Not specified,,,,0,https://builtin.com/job/senior-data-engineer-azure-databricks/10819880,,,,,,False,50,Partial,AI unavailable,False
a959caf4-212a-4cbd-98f3-6c4487a520f3,f906218c2653141a8eaa0affd8de29e2,2026-08-25,Built In,Databricks Engineer,"Data Software Engineer – Spark, Python, Databricks (L2 / L4)","Data Software Engineer – Spark, Python, Databricks",Yesterday,Not specified,,Not specified,,,,0,https://builtin.com/job/data-software-engineer-spark-python-databricks-l2-l4/10819847,,,,,,False,50,Partial,AI unavailable,False
7c39ff0f-22e8-4426-95e1-fb4711f302ba,1ad2d1c142d2fcb7349240987e498a4b,2026-08-25,Built In,Databricks Engineer,Algotale-Delphi( Azure Databricks Developer),Algotale-Delphi( Azure Databricks Developer),Reposted Yesterday,Not specified,,Not specified,,,,0,https://builtin.com/job/algotale-delphi-azure-databricks-developer/9643844,,,,,,False,50,Partial,AI unavailable,False
749e480c-eb0f-4dc8-a2c7-62f69dc68371,0a419030a7e00119ed55a676c8d2fd70,2026-08-25,Built In,Databricks Engineer,Databricks Developer,Databricks Developer,Reposted Yesterday,Not specified,,Not specified,,,,0,https://builtin.com/job/databricks-developer/10053114,,,,,,False,50,Partial,AI unavailable,False
1d448757-9e5d-4fa4-800e-6b946482f8a6,6dd95461a4b1a8f06363a740e66cc8fa,2026-08-25,Built In,Databricks Engineer,Senior Data Engineer (Fabric and Databricks),Senior Data Engineer (Fabric and Databricks),Reposted Yesterday,Not specified,,Not specified,,,,0,https://builtin.com/job/senior-data-engineer-fabric-and-databricks/8338892,,,,,,False,50,Partial,AI unavailable,False
7009a41a-c551-4ef8-bd8f-afb38568c0fa,e848d448c4db992b013438ec9004fae4,2026-08-25,Built In,Databricks Engineer,Sr. Databricks Developer,Sr. Databricks Developer,2 Days Ago,Not specified,,Not specified,,,,0,https://builtin.com/job/sr-databricks-developer/10818569,,,,,,False,50,Partial,AI unavailable,False
988c6b4d-c17e-47be-93ad-f2768e59692c,0a5519543ad58f508db116139c495e94,2026-08-25,Built In,Databricks Engineer,Databricks Developer,Databricks Developer,2 Days Ago,Not specified,,Not specified,,,,0,https://builtin.com/job/databricks-developer/10818566,,,,,,False,50,Partial,AI unavailable,False
0134e09c-2c70-483c-8108-669d4eea0f72,97486ba6724117ee5947d57973fc9a51,2026-08-25,Built In,Databricks Engineer,Databricks Developer,Databricks Developer,2 Days Ago,Not specified,,Not specified,,,,0,https://builtin.com/job/databricks-developer/10812737,,,,,,False,50,Partial,AI unavailable,False
12663b55-e771-41f1-b8d2-12c0a33a2cd1,a4740b97ea42fa791f29a35687cfb7b2,2026-08-25,Built In,Databricks Engineer,Databricks Developer,Databricks Developer,2 Days Ago,Not specified,,Not specified,,,,0,https://builtin.com/job/databricks-developer/10812714,,,,,,False,50,Partial,AI unavailable,False
2c786f2c-a91e-4140-9521-b06494bb7d1c,da6227cb3e0ca682d8a23f32793a5eaa,2026-08-25,Built In,Databricks Engineer,Databricks Engineer - Senior/ Lead,Databricks Engineer - Senior/ Lead,Reposted 4 Days Ago,Not specified,,Not specified,,,,0,https://builtin.com/job/databricks-engineer-senior-lead/10709511,,,,,,False,50,Partial,AI unavailable,False
d1843810-25b4-4d5a-8ac0-8337d708aab5,1e4a805bbd68895ed71ce9a6349cc59a,2026-08-25,Built In,Databricks Engineer,Data Engineer Manager - AWS Databricks,Data Engineer Manager - AWS Databricks,Reposted 4 Days Ago,Not specified,,Not specified,,,,0,https://builtin.com/job/data-engineer-manager-aws-databricks/10768982,,,,,,False,50,Partial,AI unavailable,False
93df6e22-c997-415f-b3c6-afa2894e4dd0,01e1fa4be88431447bbf1d547203dc8b,2026-08-25,Built In,Databricks Engineer,Senior / Lead Data Engineer - Azure Databricks,Senior / Lead Data Engineer - Azure Databricks,Reposted 4 Days Ago,Not specified,,Not specified,,,,0,https://builtin.com/job/senior-lead-data-engineer-azure-databricks/10768825,,,,,,False,50,Partial,AI unavailable,False
d0524c19-a125-4c72-8546-5fff022180f2,d90fd9f80ebbc14ef29a4cc43f34a0e1,2026-08-25,Built In,Databricks Engineer,"Data Engineer - Big Data, Python, Databricks","Data Engineer - Big Data, Python, Databricks",Reposted 5 Days Ago,Not specified,,Not specified,,,,0,https://builtin.com/job/data-engineer-big-data-python-databricks/9028259,,,,,,False,50,Partial,AI unavailable,False
1ecc977a-d1b0-498b-b7cd-421d5a3e2a79,b95c09e8d4c220a136e1033dae4a35ad,2026-08-25,LinkedIn,Spark Developer,"Software Development Engineer III, Advertising Technology",Expedia Group,"Chicago, IL",Not specified,,Not specified,,2026-08-25,,0,https://www.linkedin.com/jobs/view/software-development-engineer-iii-advertising-technology-at-expedia-group-4446603646,,,,,,False,50,Partial,AI unavailable,False
a4a01142-37ea-441f-b356-d796b3e845df,c6afe8cd1253e785e7da6853d1c3bc4d,2026-08-25,LinkedIn,Spark Developer,Senior Java Engineer – AVP,Barclays,"Whippany, NJ",Not specified,,Not specified,,2026-08-25,,0,https://www.linkedin.com/jobs/view/senior-java-engineer-%E2%80%93-avp-at-barclays-4456577111,,,,,,False,50,Partial,AI unavailable,False
b8c2a9bf-e2ec-460a-a3f0-1691c76061cc,34bbd9231a20e02b8cf608b03aca1a87,2026-08-25,LinkedIn,Spark Developer,Software Development Engineer,Adobe,"San Jose, CA",Not specified,,Not specified,,2026-08-25,,0,https://www.linkedin.com/jobs/view/software-development-engineer-at-adobe-4457428165,,,,,,False,50,Partial,AI unavailable,False
f34c0e57-65ab-4e20-bc32-a86981880965,d28e7e141118263b00ba8ec0f3b9272a,2026-08-25,LinkedIn,Spark Developer,Data Engineer,Recurring Decimal,"New York, United States",Not specified,,Not specified,,2026-08-24,,0,https://www.linkedin.com/jobs/view/data-engineer-at-recurring-decimal-4457154737,,,,,,False,50,Partial,AI unavailable,False
089ff3f5-aaf4-4791-93e4-0e9c41696e18,780465180de51c401c920b7fe7e466e9,2026-08-25,LinkedIn,Spark Developer,"Data Integration Engineer, AVP",State Street,"Burlington, MA",Not specified,,Not specified,,2026-08-24,,0,https://www.linkedin.com/jobs/view/data-integration-engineer-avp-at-state-street-4458238829,,,,,,False,50,Partial,AI unavailable,False
5088bd5f-082a-495a-987b-1564499a7326,fdb54850dac2e8381b5ae1addfd2a044,2026-08-25,LinkedIn,Spark Developer,Software Engineer – Adobe Experience Platform,Adobe,"San Jose, CA",Not specified,,Not specified,,2026-08-25,,0,https://www.linkedin.com/jobs/view/software-engineer-%E2%80%93-adobe-experience-platform-at-adobe-4300759659,,,,,,False,50,Partial,AI unavailable,False
983c9651-e736-42e5-872f-72e031debaf9,812f18ddaff0c6b522d8336f5efc24c0,2026-08-25,LinkedIn,Spark Developer,Sr. Software Engineer,Unity,"Mountain View, CA",Not specified,,Not specified,,2026-08-24,,0,https://www.linkedin.com/jobs/view/sr-software-engineer-at-unity-4457142567,,,,,,False,50,Partial,AI unavailable,False
311422fa-1333-48e6-b45c-afdd149567f5,9edf1ee492c231c7e9b1ac9ba1e22a04,2026-08-25,LinkedIn,Spark Developer,Data & AI Senior Engineer - 90405345 - Remote,Amtrak,"Chicago, IL",Not specified,,Not specified,,2026-08-24,,0,https://www.linkedin.com/jobs/view/data-ai-senior-engineer-90405345-remote-at-amtrak-4408419777,,,,,,False,50,Partial,AI unavailable,False
0dc3b0e0-a79d-4fa8-a27d-1f54e8aecbd3,3435bd3b9864a5f38c8425e78d404c61,2026-08-25,LinkedIn,Spark Developer,Hadoop Developer,Envision Technology Solutions,"Jersey City, NJ",Not specified,,Not specified,,2026-08-24,,0,https://www.linkedin.com/jobs/view/hadoop-developer-at-envision-technology-solutions-4457123008,,,,,,False,50,Partial,AI unavailable,False
bddd0502-570d-442c-b78e-69cb43a41052,90e9673c8f11594211524f13a65da62a,2026-08-25,LinkedIn,Spark Developer,Sr. Forward Deployed Engineer (FDE) - Financial Services,Databricks,"Boston, MA",Not specified,,Not specified,,2026-08-25,,0,https://www.linkedin.com/jobs/view/sr-forward-deployed-engineer-fde-financial-services-at-databricks-4429420068,,,,,,False,50,Partial,AI unavailable,False
fcef9cd0-ccd3-462d-a095-786429017730,c78e4d7eb82374fd76cd5ed4718c2452,2026-08-25,Dice,Spark Developer,Spark Developer,"Judge Group, Inc.","Bayonne, New Jersey • Today",Not specified,,Not specified,,"Bayonne, New Jersey • Today",,0,https://www.dice.com/job-detail/0f32813e-0cb8-4213-bdfa-7ab31664e905,,,,,0f32813e-0cb8-4213-bdfa-7ab31664e905,False,50,Partial,AI unavailable,False
bf3f3d09-0a5b-4e3f-bceb-c7e371d0b58a,7ba185bf761a0047bbeaf8f7d7de4d04,2026-08-25,Dice,Spark Developer,Spark Developer,Software Guidance & Assistance,"Tampa, Florida • Today",Not specified,,Not specified,,"Tampa, Florida • Today",,0,https://www.dice.com/job-detail/6c0ef9c2-aa54-4efb-8cab-546776dfd04c,,,,,6c0ef9c2-aa54-4efb-8cab-546776dfd04c,False,50,Partial,AI unavailable,False
87adbefd-e2dc-45dd-acd2-f06971dff0ee,b0818684689e429b91b11546b42e6950,2026-08-25,Dice,Spark Developer,Spark Developer,Software Guidance & Assistance,"Jersey City, New Jersey • Today",Not specified,,Not specified,,"Jersey City, New Jersey • Today",,0,https://www.dice.com/job-detail/51b06ca8-638c-48a7-ad29-2623a141d921,,,,,51b06ca8-638c-48a7-ad29-2623a141d921,False,50,Partial,AI unavailable,False
c8653c97-5a0c-443d-81de-a11642e741f8,1e0b3e0c9c47b20f8798bce9ccf27a50,2026-08-25,Dice,Spark Developer,Spark Developer,SKANDA SOLUTIONS LLC,"Hybrid in Québec City, Quebec • 4d ago",Not specified,,Not specified,,"Hybrid in Québec City, Quebec • 4d ago",,0,https://www.dice.com/job-detail/e79629e9-9d3a-43eb-931a-73dba5baacac,,,,,e79629e9-9d3a-43eb-931a-73dba5baacac,False,50,Partial,AI unavailable,False
84b18365-9730-412f-ac7a-50d31b209b80,f035f9b98432c81c69931894b1e19103,2026-08-25,Dice,Spark Developer,Spark Developer,VGAI Solutions Inc,"Alpharetta, Georgia • 4d ago",Not specified,,Not specified,,"Alpharetta, Georgia • 4d ago",,0,https://www.dice.com/job-detail/48b616e5-f7df-49ac-b822-aadd8f05bbd6,,,,,48b616e5-f7df-49ac-b822-aadd8f05bbd6,False,50,Partial,AI unavailable,False
116b4e10-4c51-497a-b6d2-d6cd78aa9ff8,c196b4ba0ba13cfa3012ef2c9a6b5569,2026-08-25,Dice,Spark Developer,Spark Developer,Spark or Java Developer,Absolute Business Solutions Corp,Not specified,,Not specified,,"St. Louis, Missouri • Today",,0,https://www.dice.com/job-detail/54b66dc8-ce31-47e7-8a20-c82b641bca95,,,,,54b66dc8-ce31-47e7-8a20-c82b641bca95,False,50,Partial,AI unavailable,False
70fd0633-9a88-4f1e-8448-300e65bc8207,e65dc88397e753a0333d59d09d65edf4,2026-08-25,Dice,Spark Developer,Spark Developer,Spark or Java Developer,Absolute Business Solutions Corp,Not specified,,Not specified,,"Aurora, Colorado • Today",,0,https://www.dice.com/job-detail/83b41299-2cc2-4c3d-b1bd-4da9799a378d,,,,,83b41299-2cc2-4c3d-b1bd-4da9799a378d,False,50,Partial,AI unavailable,False
ffd4fbf8-c0d7-4523-a987-5174d3762e63,47cc95124afacfb0e19aed13eb428afd,2026-08-25,Dice,Spark Developer,Spark Developer,Spark or Java Developer,Absolute Business Solutions Corp,Not specified,,Not specified,,"Springfield, Virginia • Today",,0,https://www.dice.com/job-detail/79b6d0ae-09de-460c-83c2-d49ee0dcd09c,,,,,79b6d0ae-09de-460c-83c2-d49ee0dcd09c,False,50,Partial,AI unavailable,False
f69c6f4c-7b9b-46ce-8ea9-a24add41dd0c,01d5f2f86283c3b28756748a5414aea3,2026-08-25,Dice,Spark Developer,Spark Developer,Spark or Java Developer,Absolute Business Solutions Corp,Not specified,,Not specified,,"Herndon, Virginia • Today",,0,https://www.dice.com/job-detail/e67a3801-a8f2-42f1-93c5-704769f84fce,,,,,e67a3801-a8f2-42f1-93c5-704769f84fce,False,50,Partial,AI unavailable,False
0d97610b-9ca3-4416-917a-837287b77acc,287502bd77f98f93bf5b9d8cc7ec3a2f,2026-08-25,Dice,Spark Developer,Spark Developer,Software Guidance & Assistance,"Remote or Jacksonville, Florida • Today",Remote,,Not specified,,"Remote or Jacksonville, Florida • Today",,0,https://www.dice.com/job-detail/39467921-729a-4373-8be2-7b5e69ebbfda,,,,,39467921-729a-4373-8be2-7b5e69ebbfda,False,50,Partial,AI unavailable,False
0c3ddace-4b87-4cd6-a156-20a86e73ee7d,f52e295247d9decaefc29090cf053185,2026-08-25,Dice,Spark Developer,Spark Developer,"Mitchell Martin, Inc.","Rutherford, New Jersey • 12d ago",Not specified,,Not specified,,"Rutherford, New Jersey • 12d ago",,0,https://www.dice.com/job-detail/371fb9fb-0523-418b-a47b-4435a8053443,,,,,371fb9fb-0523-418b-a47b-4435a8053443,False,50,Partial,AI unavailable,False
58db33cf-9561-41d7-8a47-711fac735933,933f45f80893eadaccb754fcefc85389,2026-08-25,Dice,Spark Developer,Spark Developer,Saicon Consultants Inc.,"Omaha, Nebraska • 17d ago",Not specified,,Not specified,,"Omaha, Nebraska • 17d ago",,0,https://www.dice.com/job-detail/a4db8401-4573-47df-b6ad-17f4c7d2bd2c,,,,,a4db8401-4573-47df-b6ad-17f4c7d2bd2c,False,50,Partial,AI unavailable,False
b0c43dd1-9c1a-4366-aafe-af5afb4abe99,c267e0ddd6fc1b9794e902cb6c2a1974,2026-08-25,Built In,Spark Developer,"Software Engineer III - Bigdata, Spark, AWS - (Data Engineering)","Software Engineer III - Bigdata, Spark, AWS - (Dat",Reposted 3 Days Ago,Not specified,,Not specified,,,,0,https://builtin.com/job/software-engineer-iii-bigdata-spark-aws-data-engineering/10636038,,,,,,False,50,Partial,AI unavailable,False
3ab42a59-1e9a-47b0-bb8e-9b8443d7fdd2,9e5caac5e7d46d034005a853d6ddc84c,2026-08-25,Built In,Spark Developer,"Lead Developer, Java, Spark and GCP","Lead Developer, Java, Spark and GCP",11 Days Ago,Not specified,,Not specified,,,,0,https://builtin.com/job/lead-developer-java-spark-and-gcp/10681289,,,,,,False,50,Partial,AI unavailable,False
fd78e141-d55c-476b-89c0-26be1fbf45d0,ea5f5d1fedf1ce8d12137e2acdd63999,2026-08-25,Built In,Spark Developer,"Developer, Java,Spark and GCP","Developer, Java,Spark and GCP",11 Days Ago,Not specified,,Not specified,,,,0,https://builtin.com/job/developer-java-spark-and-gcp/10681283,,,,,,False,50,Partial,AI unavailable,False
65846167-bef3-4088-a9f8-736fc6c8bbc7,10fc4ebb3746a32afcd4277fab5d2929,2026-08-25,Built In,Spark Developer,"Developer, Java, Spark and GCP","Developer, Java, Spark and GCP",11 Days Ago,Not specified,,Not specified,,,,0,https://builtin.com/job/developer-java-spark-and-gcp/10681272,,,,,,False,50,Partial,AI unavailable,False
77e03d55-752b-4dbe-a27b-f809258414db,8a5e4becc8def1c5028b38c732ed1a3e,2026-08-25,Built In,Spark Developer,"Engineer, Java & Spark","Engineer, Java & Spark",12 Days Ago,Not specified,,Not specified,,,,0,https://builtin.com/job/engineer-java-spark/10657767,,,,,,False,50,Partial,AI unavailable,False
78b1e539-db8f-44e1-8178-7c6ec03e705c,ac641b06b82cc65d45448213ab2fb9f7,2026-08-25,Built In,Spark Developer,Java Spark Developer - Market Risk - Vice President,Java Spark Developer - Market Risk - Vice Presiden,Reposted 16 Minutes Ago,Not specified,,Not specified,,,,0,https://builtin.com/job/java-spark-developer-market-risk-vice-president/9011483,,,,,,False,50,Partial,AI unavailable,False
b86849e9-6f7d-4d6a-b0dd-e9ee8ff6f10d,8b714ce3837f18c712f58864d3d14ff8,2026-08-25,Built In,Spark Developer,Senior Java Spark Developer - Assistant Vice President,Senior Java Spark Developer - Assistant Vice Presi,Reposted Yesterday,Not specified,,Not specified,,,,0,https://builtin.com/job/senior-java-spark-developer-assistant-vice-president/8701705,,,,,,False,50,Partial,AI unavailable,False
65681a3b-bef1-4174-a8c6-f3361c2f838c,85c23176cf4ec1a8dc798afbae22c02b,2026-08-25,Built In,Spark Developer,Bigdata Engineer -Spark,Bigdata Engineer -Spark,Reposted Yesterday,Not specified,,Not specified,,,,0,https://builtin.com/job/bigdata-engineer-spark/9351881,,,,,,False,50,Partial,AI unavailable,False
1ca75428-4e52-444e-a557-6c95c2abf1d4,36e92771f92ff03e4ccd5d4fd0ee9290,2026-08-25,Built In,Spark Developer,Algotale - Intelliatech (Spark/Scala Developer),Algotale - Intelliatech (Spark/Scala Developer),Reposted Yesterday,Not specified,,Not specified,,,,0,https://builtin.com/job/algotale-intelliatech-spark-scala-developer/9643804,,,,,,False,50,Partial,AI unavailable,False
fac9d737-f7bd-4d4d-8ba2-be7293f5cbf8,d9b7ae0397b7f3efe3d3898debd52e31,2026-08-25,Built In,Spark Developer,"Sr Data Engineer, Python + Spark (Data Federation skillset - Data Lakehouse - Eg: Starburst) - Chennai","Sr Data Engineer, Python + Spark (Data Federation",Reposted Yesterday,Not specified,,Not specified,,,,0,https://builtin.com/job/sr-data-engineer-python-spark-data-federation-skillset-data-lakehouse-eg-starburst-chennai/10052072,,,,,,False,50,Partial,AI unavailable,False
772b021f-aac6-469c-be7a-9d169a7829f7,a66c92107485071f007ae0fa867ed4c4,2026-08-25,Built In,Spark Developer,Application Developer - Java Spark Big Data - Assistant Vice President - C12 - Pune,Application Developer - Java Spark Big Data - Assi,Reposted 3 Days Ago,Not specified,,Not specified,,,,0,https://builtin.com/job/application-developer-java-spark-big-data-assistant-vice-president-c12-pune/10255220,,,,,,False,50,Partial,AI unavailable,False
3ee25919-4588-43ae-af8d-965be0df9c88,02ccb8ff0dfdb3932a2e561776e162da,2026-08-25,Built In,Spark Developer,Application Developer - Java Spark Big Data - Assistant Vice President - C12 - Pune,Application Developer - Java Spark Big Data - Assi,Reposted 3 Days Ago,Not specified,,Not specified,,,,0,https://builtin.com/job/application-developer-java-spark-big-data-assistant-vice-president-c12-pune/10255217,,,,,,False,50,Partial,AI unavailable,False
dc05db38-aff6-4d5b-a208-ab80c5626d9d,73da9d6509378e3ac9250e81d82a99d7,2026-08-25,Built In,Spark Developer,"Senior Data Engineer - AWS, Spark, Scala, Big Data & GenAI","Senior Data Engineer - AWS, Spark, Scala, Big Data",6 Days Ago,Not specified,,Not specified,,,,0,https://builtin.com/job/senior-data-engineer-aws-spark-scala-big-data-genai/10749067,,,,,,False,50,Partial,AI unavailable,False
1fa60171-4ccf-4605-aab6-495d1b458de6,7935e4e46c84a5ee664e94210156c269,2026-08-25,Built In,Spark Developer,"Cloud Engineer - 8+yrs - Cloud-native SaaS applications, Java, Python, Kafka/Flink/Spark/Ice berg",Cloud Engineer - 8+yrs - Cloud-native SaaS applica,Reposted 8 Days Ago,Not specified,,Not specified,,,,0,https://builtin.com/job/cloud-engineer-8-yrs-cloud-native-saas-applications-java-python-kafka-flink-spark-ice-berg/10520795,,,,,,False,50,Partial,AI unavailable,False
6b79309c-7183-4e09-bb49-b27a653a7f53,6edfdf9b99e0f1d6052326ac0672e921,2026-08-25,Built In,Spark Developer,Scala/Spark Developer - Chennai,Scala/Spark Developer - Chennai,Reposted 9 Days Ago,Not specified,,Not specified,,,,0,https://builtin.com/job/scala-spark-developer-chennai/9915877,,,,,,False,50,Partial,AI unavailable,False
291460a7-2be6-4f87-9ee9-9c8fb5568a9e,34d98ab8c631cc15a5ccd76d6db603da,2026-08-25,Built In,Spark Developer,"Software Engineer - Spark, Scala - BLR/CHN","Software Engineer - Spark, Scala - BLR/CHN",Reposted 9 Days Ago,Not specified,,Not specified,,,,0,https://builtin.com/job/software-engineer-spark-scala-blr-chn/9915382,,,,,,False,50,Partial,AI unavailable,False
770429ce-5566-438f-9988-33266dc8b247,36841ea48df9c3a5154446272ec69119,2026-08-25,Built In,Spark Developer,SPARK Data Onboarding Engineer - Chennai,SPARK Data Onboarding Engineer - Chennai,Reposted 9 Days Ago,Not specified,,Not specified,,,,0,https://builtin.com/job/spark-data-onboarding-engineer-chennai/9915128,,,,,,False,50,Partial,AI unavailable,False
0c12675e-a642-4cae-9600-9a05295af428,b76bd7b10ab361b53f6317099081628a,2026-08-25,Built In,Spark Developer,SPARK Data Reconciliation Engineer - Chennai,SPARK Data Reconciliation Engineer - Chennai,Reposted 9 Days Ago,Not specified,,Not specified,,,,0,https://builtin.com/job/spark-data-reconciliation-engineer-chennai/9915769,,,,,,False,50,Partial,AI unavailable,False
5d13c746-0392-42ae-b4d4-93fc76705d9a,858a59bfc9b7528dd824f5bdd628b9b6,2026-08-25,Built In,Spark Developer,"Transunion | Data Engineer - Java , Spark & Spring Boot | Chennai | India","Transunion | Data Engineer - Java , Spark & Spring",Reposted 9 Days Ago,Not specified,,Not specified,,,,0,https://builtin.com/job/transunion-data-engineer-java-spark-spring-boot-chennai-india/9915851,,,,,,False,50,Partial,AI unavailable,False
036626f1-3fcd-4275-9feb-440683787fdf,ac15ab112f1c274185059ee44bf86c9a,2026-08-25,Built In,Spark Developer,Sr Data Engineer - Spark-Scala - Chennai,Sr Data Engineer - Spark-Scala - Chennai,Reposted 9 Days Ago,Not specified,,Not specified,,,,0,https://builtin.com/job/sr-data-engineer-spark-scala-chennai/9914491,,,,,,False,50,Partial,AI unavailable,False
e4eb15db-ea37-400c-bc51-7076e4de59ca,41b037305efc1c8ec5f1b9be84635301,2026-08-25,Built In,Spark Developer,"Senior Data Engineer – Big Data & Streaming Platforms - Java/Scala or Python | Spark, Kafka | Flink, Iceberg / Lakehouse, Trino | 8 to 12 Years",Senior Data Engineer – Big Data & Streaming Platfo,Reposted 11 Days Ago,Not specified,,Not specified,,,,0,https://builtin.com/job/senior-data-engineer-big-data-streaming-platforms-java-scala-or-python-spark-kafka-flink-iceberg-lakehouse-trino-8-12-years/10612808,,,,,,False,50,Partial,AI unavailable,False
10927012-411f-4bf9-8a64-922fd2499764,0e1cfafba760069c4b15368005f97926,2026-08-25,Built In,Spark Developer,Data Engineer – Apache Spark | Kafka | Flink | Trino | Iceberg | Big Data | Streaming | Data Platform 4–8 Years,Data Engineer – Apache Spark | Kafka | Flink | Tri,Reposted 11 Days Ago,Not specified,,Not specified,,,,0,https://builtin.com/job/data-engineer-apache-spark-kafka-flink-trino-iceberg-big-data-streaming-data-platform-4-8-years/10612810,,,,,,False,50,Partial,AI unavailable,False
44cb2928-3666-40b7-88e5-ef94068e212c,6853ca925a88a0111fd95e4d140a4a16,2026-08-26,LinkedIn,Data Engineer,Data Engineer II,DriveWealth,"New York, NY",Not specified,,Not specified,,2026-08-25,,0,https://www.linkedin.com/jobs/view/data-engineer-ii-at-drivewealth-4459042474,,,,,,False,50,Partial,AI unavailable,False
38d5e502-ea0b-45bd-bbab-521554036c50,bfa2769dda045a4f3677f7957cbf6c64,2026-08-26,LinkedIn,Data Engineer,Data Engineer,Figma,"San Francisco, CA",Not specified,,Not specified,,2026-08-26,,0,https://www.linkedin.com/jobs/view/data-engineer-at-figma-3970353535,,,,,,False,50,Partial,AI unavailable,False
100ea63f-ffa7-4545-864c-35ae0444ad33,c44582f5cb528e6606f543aefaa53988,2026-08-26,LinkedIn,Data Engineer,Data Engineer,Bedrock Robotics,"New York, NY",Not specified,,Not specified,,2026-08-25,,0,https://www.linkedin.com/jobs/view/data-engineer-at-bedrock-robotics-4428776428,,,,,,False,50,Partial,AI unavailable,False
cd5afd7a-a4c2-4421-8c40-2e6ceca1995a,51167207dc24c4a1a364775a228ea3d0,2026-08-26,LinkedIn,Data Engineer,Data Engineer – Top Global Investment Firm,Mondrian Alpha,New York City Metropolitan Area,Not specified,,Not specified,,2026-08-26,,0,https://www.linkedin.com/jobs/view/data-engineer-%E2%80%93-top-global-investment-firm-at-mondrian-alpha-4459194761,,,,,,False,50,Partial,AI unavailable,False
75c1d6a1-8e19-4cd9-aa24-6959ae4d8619,8b60a3d87857936d81b0ee307eb7605b,2026-08-26,LinkedIn,Data Engineer,Data Engineer - Databricks,"Steampunk, Inc.","McLean, VA",Not specified,,Not specified,,2026-08-25,,0,https://www.linkedin.com/jobs/view/data-engineer-databricks-at-steampunk-inc-4456956292,,,,,,False,50,Partial,AI unavailable,False
8606ccc5-4c5d-44fc-9b12-b80855cbe889,a4355c111e3dbc65fc2e32c1cd4d2fbd,2026-08-26,LinkedIn,Data Engineer,Data Engineer,Perpay Inc.,"Philadelphia, PA",Not specified,,Not specified,,2026-08-26,,0,https://www.linkedin.com/jobs/view/data-engineer-at-perpay-inc-4411502804,,,,,,False,50,Partial,AI unavailable,False
e27688c5-77f6-4678-a6d3-f6b73c8591e5,f9573fc56844e76b74301445162a0e6a,2026-08-26,LinkedIn,Data Engineer,Data Engineer,Veridic Solutions,"McKinney, TX",Not specified,,Not specified,,2026-08-25,,0,https://www.linkedin.com/jobs/view/data-engineer-at-veridic-solutions-4457630512,,,,,,False,50,Partial,AI unavailable,False
f6e53e3e-32d0-4e37-bcfa-bf91fa99c4b6,4c5bc70fd82644b7ce30489c6add1b17,2026-08-26,LinkedIn,Data Engineer,Senior Data Platform Engineer,Hinge,"New York, NY",Not specified,,Not specified,,2026-08-25,,0,https://www.linkedin.com/jobs/view/senior-data-platform-engineer-at-hinge-4457629592,,,,,,False,50,Partial,AI unavailable,False
dd7d0bdf-0ea5-4c42-91db-bfc1d03febde,7838767bf1fe986eb05dbcdc242d7625,2026-08-26,LinkedIn,Data Engineer,"Senior Data Engineer (Austin, or Dallas)",H-E-B,"Austin, TX",Not specified,,Not specified,,2026-08-26,,0,https://www.linkedin.com/jobs/view/senior-data-engineer-austin-or-dallas-at-h-e-b-4446838169,,,,,,False,50,Partial,AI unavailable,False
572ef3a1-f921-492b-8866-03a650be4f93,43e9410680fe7889e302acde12e5fbfd,2026-08-26,LinkedIn,Data Engineer,Data Warehouse Engineer,Mitchell Martin Inc.,New York City Metropolitan Area,Not specified,,Not specified,,2026-08-25,,0,https://www.linkedin.com/jobs/view/data-warehouse-engineer-at-mitchell-martin-inc-4455695700,,,,,,False,50,Partial,AI unavailable,False
67d12191-5d7c-4759-a769-e5970ba18b7b,5153fa8cb547d8730a9ce6ad68961f6b,2026-08-26,LinkedIn,Data Engineer,Senior Data Engineer,Gemini,"New York, NY",Not specified,,Not specified,,2026-08-26,,0,https://www.linkedin.com/jobs/view/senior-data-engineer-at-gemini-4442902336,,,,,,False,50,Partial,AI unavailable,False
b4a063ec-9e21-4969-83ab-477381a04eb5,2a1c8f6c29979f08d2c1e6557e92d2f5,2026-08-26,LinkedIn,Data Engineer,AWS Data Engineer,Capgemini,"New York, NY",Not specified,,Not specified,,2026-08-26,,0,https://www.linkedin.com/jobs/view/aws-data-engineer-at-capgemini-4457376518,,,,,,False,50,Partial,AI unavailable,False
e726b93b-6d35-4eda-be43-7bba770bfe4c,93ee9081fd08d5b8a3087f9bbf3ca904,2026-08-26,LinkedIn,Data Engineer,Data Engineer,Evlo AI,"Seattle, WA",Not specified,,Not specified,,2026-08-25,,0,https://www.linkedin.com/jobs/view/data-engineer-at-evlo-ai-4457614680,,,,,,False,50,Partial,AI unavailable,False
9eee9e43-bf16-4203-b601-8279d2ef883f,b3cd1f838c023c40d718f31e6902a85d,2026-08-26,LinkedIn,Data Engineer,Senior Data Engineer,Seven Stars,New York City Metropolitan Area,Not specified,,Not specified,,2026-08-26,,0,https://www.linkedin.com/jobs/view/senior-data-engineer-at-seven-stars-4459132266,,,,,,False,50,Partial,AI unavailable,False
ee6bd2b1-f25f-484a-a18d-8a12576f4897,b9cb804dd711522f9df76cb435a822f8,2026-08-26,LinkedIn,Data Engineer,Data Engineer,Fervo Energy,"Houston, TX",Not specified,,Not specified,,2026-08-26,,0,https://www.linkedin.com/jobs/view/data-engineer-at-fervo-energy-4429444824,,,,,,False,50,Partial,AI unavailable,False
ac66705a-e291-4410-ba66-e636c6407062,119e66f8c8ff7911002a5151c43d63aa,2026-08-26,LinkedIn,Data Engineer,Data Engineer,ACCO Engineered Systems,"Pasadena, CA",Not specified,,Not specified,,2026-08-26,,0,https://www.linkedin.com/jobs/view/data-engineer-at-acco-engineered-systems-4448572775,,,,,,False,50,Partial,AI unavailable,False
fca586cd-496c-4f77-9525-83bf4dea3c6f,ad553e33e49c0729865061e94ea03a95,2026-08-26,LinkedIn,Data Engineer,ETL Engineer,"Steampunk, Inc.","McLean, VA",Not specified,,Not specified,,2026-08-25,,0,https://www.linkedin.com/jobs/view/etl-engineer-at-steampunk-inc-4456966225,,,,,,False,50,Partial,AI unavailable,False
0edda807-51a6-417b-9cd2-6c5b58f82a42,430f5e41b7669feadf34057b043b677c,2026-08-26,LinkedIn,Data Engineer,Data Engineer,Evlo AI,"New York, NY",Not specified,,Not specified,,2026-08-25,,0,https://www.linkedin.com/jobs/view/data-engineer-at-evlo-ai-4457497814,,,,,,False,50,Partial,AI unavailable,False
fdb65a7e-f84c-44f3-8906-941b6d66258b,a20925e3ef303647b75144d1ff0af210,2026-08-26,LinkedIn,Data Engineer,Data Engineer,Celestir,New York City Metropolitan Area,Not specified,,Not specified,,2026-08-25,,0,https://www.linkedin.com/jobs/view/data-engineer-at-celestir-4457618359,,,,,,False,50,Partial,AI unavailable,False
0a35f6e5-5e4e-48dc-8230-cd80e52ea16e,f5e4d3c6a465ffaef9e93f5ba8efb03d,2026-08-26,LinkedIn,Data Engineer,"Data Engineer, Hardware Reliability (Starlink)",SpaceX,"Bastrop, TX",Not specified,,Not specified,,2026-08-26,,0,https://www.linkedin.com/jobs/view/data-engineer-hardware-reliability-starlink-at-spacex-4457686092,,,,,,False,50,Partial,AI unavailable,False
4d0d405f-74d5-4df7-81fc-7d481d7afd2b,c5be6dd6eb208cc2828dd18090c54f54,2026-08-26,LinkedIn,Data Engineer,Associate - Data Engineer,New York Life,"New York, NY",Not specified,,Not specified,,2026-08-25,,0,https://www.linkedin.com/jobs/view/associate-data-engineer-at-new-york-life-4459068570,,,,,,False,50,Partial,AI unavailable,False
10866132-c726-42f2-91f7-a88c58fa6fd2,d7c8f62ae58795b7d58da32dd5605484,2026-08-26,LinkedIn,Data Engineer,Data Engineer,Capgemini,"New York, United States",Not specified,,Not specified,,2026-08-25,,0,https://www.linkedin.com/jobs/view/data-engineer-at-capgemini-4458528425,,,,,,False,50,Partial,AI unavailable,False
2743c0a3-6bc8-4b22-bae4-38ac74bfb67e,02dfc6f17f5397ea6388e326cbab3ea0,2026-08-26,Indeed,Data Engineer,Data Engineer,American Tower,"Hybrid work in Woburn, MA",Not specified,,Not specified,,,,0,https://www.indeed.com/rc/clk?jk=5205fb7e14041447&bb=EMzXDVNUyJI0v5V-BUaVzM4NsmHnC6WVgWvbdf8w-vqZ1-BWe-BCaiG5N-1P5Nl_qusfTayCtmWgEAMKX0VpCas9Ov8R9pQ_wI0nmOi7K8O7YeiZbB0Dc-CfmID7LLc2bPRkSc0IN3z1BUiHVRpMJENngeMg6XST17dowhhVWLM%3D&xkcb=SoAq67M2ffrxVpAOpb0LbzkdCdPP&fccid=3a7aba255da11bc7&vjs=3,,,,,5205fb7e14041447,False,50,Partial,AI unavailable,False
8bc8375c-3d52-4248-be22-4b8c9addfac2,ff04de189520ceb8ae26baa6fa592c3b,2026-08-26,Indeed,Data Engineer,Data Software Engineer,Fontainebleau Las Vegas,"Las Vegas, NV 89104 
(Huntridge area)",Not specified,,Not specified,,,,0,https://www.indeed.com/rc/clk?jk=318bea96359ce298&bb=EMzXDVNUyJI0v5V-BUaVzOMab2Ao6ubbdA6odqqVY_GCcUGmj8XXWoh2CyQOAvaV70L6iCFDOvf_FSODpxg2x8LCkv7-0606DxOvI_XEY2pAKX0lKju-m1pz1utt4HZ4qTcjSmt8n3rxUu7cfz3nL6doeAbbyUsludDcuqmYKYev3M7nCbd3iA%3D%3D&xkcb=SoBv67M2ffrxVpgOpb0LbzkdCdPP&fccid=aceb5f53e1e41c96&vjs=3,,,,,318bea96359ce298,False,50,Partial,AI unavailable,False
a3afe2ad-4ac6-4c5b-9086-3d48f69f4965,5c4094028a8f3ee45fedaef9e064f247,2026-08-26,Indeed,Data Engineer,Senior Data Engineer,Evolve Vacation Rentals,Remote,Remote,,Not specified,,,,0,https://www.indeed.com/rc/clk?jk=47837312b0e5d7cf&bb=EMzXDVNUyJI0v5V-BUaVzCu9Uma2h-ypFP_5dj4LChe35Yunnew5WwNKhlDfbUNFygcrNx3qo21Bch0h19MBN9kXy1Xg2JgoIfTprUj_U5J6sbfFKguarmLbKgW_yUMtuWK5RvNMgTSr6cpngtP2rJpyp8IaPRV8mAidiHuMIm6pskEXjBMDzA%3D%3D&xkcb=SoDb67M2ffrxVpgOpb0KbzkdCdPP&fccid=1095597159d6b2ff&vjs=3,,,,,47837312b0e5d7cf,False,50,Partial,AI unavailable,False
1f461a21-06d7-4a75-880c-ff6c2b12782e,aa575f385baefb07a5a25f4e06d9a28c,2026-08-26,Indeed,Data Engineer,Senior Data Engineer (Data Architecture),Wpromote,Remote,Remote,,Not specified,,,,0,https://www.indeed.com/rc/clk?jk=46aed55033a852ae&bb=EMzXDVNUyJI0v5V-BUaVzApd2ZgKA05Y-0bMGfWYt9EcQ-RlQWtRe-KZ_qqAWka8_Q7lEiFDX37iXngZyk0SU9hoiMosSOaGQpo6JKov_kuFu1MDluObYIcyXSMCmsmHCj-h7GU6TFu6spvgcTwD1_lTK6cV0ISn4k2eWbc3Hgo%3D&xkcb=SoBG67M2ffrxVpgOpb0JbzkdCdPP&fccid=dd456b751b733408&vjs=3,,,,,46aed55033a852ae,False,50,Partial,AI unavailable,False
4ed574bd-6dab-444d-8776-3a7a14e054fd,7998f53c58db520363623407a6677c36,2026-08-26,Indeed,Data Engineer,Data Engineer,ProArch,"Remote in Atlanta, GA",Remote,,Not specified,,,,0,https://www.indeed.com/rc/clk?jk=08c354cd10dc0d65&bb=EMzXDVNUyJI0v5V-BUaVzDfbCKkvWHcwYvjn7JwweROcGfx5Tch8ZTPrWx2V-HgmobOmnG6XVbmvNYmHYKcFgSOw5UjPgsQ8sBLINiOPIsPCBl6SOFYfEhrSnS2G0aUx_hcmcA_vfEO4HcuWjX9Yrr5uLWGP-E8MFJ_UzWurHs3VgSWGdthIzg%3D%3D&xkcb=SoDy67M2ffrxVpgOpb0IbzkdCdPP&fccid=880f2daca17562d0&vjs=3,,,,,08c354cd10dc0d65,False,50,Partial,AI unavailable,False
d67d2711-f044-4707-bda7-04f6fd671155,c3299db3ce1b96314f620b6b2d251f01,2026-08-26,Indeed,Data Engineer,Sr. Data Engineer,Premier Nutrition,"Hybrid work in Emeryville, CA 94608",Not specified,,Not specified,,,,0,https://www.indeed.com/rc/clk?jk=7bf2e42812735206&bb=EMzXDVNUyJI0v5V-BUaVzB7fikkV4PaD47WlN4M032ALWsC0BaMWo8qzWHeWYOZcagPEc3Rg00T-u02nxtdM5cf9F-x15xyig5m4EzDclHGVKCFBcg0TUHTCF5BZD_K5ARy1qedwkeZu6rufVZHOK_sU69KIJndqWshxj9Jmfbg%3D&xkcb=SoB867M2ffrxVpgOpb0PbzkdCdPP&fccid=a570b002d07d3987&vjs=3,,,,,7bf2e42812735206,False,50,Partial,AI unavailable,False
f53bf4ee-d27b-48c5-af6d-5fbc5fbc8be5,8f21f95903c17ea5f6963c75d9389287,2026-08-26,Indeed,Data Engineer,Data Engineer,Joint Commission,"Oak Brook, IL",Not specified,,Not specified,,,,0,https://www.indeed.com/rc/clk?jk=08ce0b21250b9eae&bb=EMzXDVNUyJI0v5V-BUaVzABg17_eHcVoBtSx3rcYeX9-iIdPYukoW8JlJiPj_Y9Hc5p9392-wecHT1VtiB3UcnlGRzXn_0d4fB1VZD7xqzVfq4vzdyoFFPrqdIRPy7HdUQrDPzDdh8OtCkJNcxewFH5UnAWBZajhZULmQB0m85MAg62Wr_sDVw%3D%3D&xkcb=SoDI67M2ffrxVpgOpb0ObzkdCdPP&fccid=4ccbcb43dd7c13ba&vjs=3,,,,,08ce0b21250b9eae,False,50,Partial,AI unavailable,False
725779f4-8bc5-4194-b2ce-01a342144d0d,a60a40f27991e493b589592fca5671ef,2026-08-26,Indeed,Data Engineer,Data Operations Engineer,Wilson Elser - Business & Legal Professionals,"Remote in Dallas, TX",Remote,,Not specified,,,,0,https://www.indeed.com/rc/clk?jk=b4519988dc6e70a5&bb=EMzXDVNUyJI0v5V-BUaVzBLNbzsaV1IoxIJ4C_LQMNnm7VpLz4I3lkwSrmGMxCcXwpa_f1OUCr9rBnxB9QtyURzdYS2K94sTRc34uhF_0k6g-HqOGdEEmXBVHODK45z8wgKAvWXd9KgH00E-f52vUbcuBt6c6QZcKSRSbho2rqGaWSD8dPnoqg%3D%3D&xkcb=SoBV67M2ffrxVpgOpb0NbzkdCdPP&fccid=ea002bfb3668b22a&vjs=3,,,,,b4519988dc6e70a5,False,50,Partial,AI unavailable,False
5be21d66-ea5c-4706-a098-efc2306d0194,d4fe29f6cbcc1f57fe0e2c28f41e2b92,2026-08-26,Indeed,Data Engineer,Staff Data Engineer,Harbor Compliance,Remote,Remote,,Not specified,,,,0,https://www.indeed.com/rc/clk?jk=44fc0270450cdb7b&bb=EMzXDVNUyJI0v5V-BUaVzJK_Axzq9usAFFWAAGvSCq6XHEmZZtf3ziO7lJBzkOU-hJyTi-AzScW7GXF8jM3JxAcmQEzSc-hphvrbOmCjfoVTMPbRZeNylD72bcAAZCSWQIKdXoRD1cf-UhbDoaVJkrLrQCnVTy-Pjry7IT9xpHFGV83c15EpZQ%3D%3D&xkcb=SoAV67M2ffrxVpgOpb0abzkdCdPP&fccid=8f1c5bdc540ff182&vjs=3,,,,,44fc0270450cdb7b,False,50,Partial,AI unavailable,False
1e198538-7bf0-4144-b6e0-7188d18b7380,8b2ce50bd40d3c843a289e51e7671a80,2026-08-26,Indeed,Data Engineer,Senior Software Engineer - Data Platform,MetTel,"New York, NY 10004 
(Financial District area)",Not specified,,Not specified,,,,0,https://www.indeed.com/rc/clk?jk=7cdad9aa5658efec&bb=EMzXDVNUyJI0v5V-BUaVzD278fI8VNZMCZG7eKhyPJZg6pbzR-RdTrymbO-2d3i-xV7d2Uoe0bI7ntUMAsr3zLFC-QlgSdvAXpSWTQ9TP4vTVzIyX4gchHVl6foj1MoO4R4-qjRblGKiZF5XVGF0Pq7Q0notJHP9V9_IIuDZBl3AJ61GpR750g%3D%3D&xkcb=SoCI67M2ffrxVpgOpb0ZbzkdCdPP&fccid=c3fb9408437e86e7&vjs=3,,,,,7cdad9aa5658efec,False,50,Partial,AI unavailable,False
af580396-352d-4b3b-82b7-3b6e48e6891a,82a22dac10c4038044e33f419cd09d83,2026-08-26,Indeed,Data Engineer,"Senior Engineer, Data",Bellese,Remote,Remote,,Not specified,,,,0,https://www.indeed.com/rc/clk?jk=aadfea16dcc73625&bb=EMzXDVNUyJI0v5V-BUaVzL2rWeiZNfx86EGTnkMQzNcqBJtp9Kxdd-0FJW0R6ye5jhAkHjg6xk017Btd-Z8AJKkTNa3YoMdyFDafjmb2zgci4CcPa37yHhusMWGCZnAe7uQH-_05LaknPNrHiuUon6Nz11VLEu9N7ZiXtOYI977vvxPS4jqYrw%3D%3D&xkcb=SoBb67M2ffrxVpgOpb0QbzkdCdPP&fccid=dd616958bd9ddc12&vjs=3,,,,,aadfea16dcc73625,False,50,Partial,AI unavailable,False
4889316b-6527-45c0-aa80-b3d3e95d8919,30887943f683f0a10809a5cc781e5861,2026-08-26,Indeed,Data Engineer,ETL Data Engineer,Allocore,"Hybrid work in Mechanicsburg, PA 17055",Not specified,,Not specified,,,,0,https://www.indeed.com/rc/clk?jk=4f6d492284c9745e&bb=EMzXDVNUyJI0v5V-BUaVzBYuiAMLCrAOaGkK7GydVvtOxCFU5QnBRL18BQfFgVkEv2KWFcnJoLyKsABr-qWdztEi2nrRQ_0e49oYI8ut3el9xa-3iNVDljUzFg80Ah07qyYA4VIHejtjAYQ19nTHuxHklCJenFCpGbYTUeh9WxI%3D&xkcb=SoDV67M2ffrxVpgOpb0XbzkdCdPP&fccid=54611e44ff61dcf8&vjs=3,,,,,4f6d492284c9745e,False,50,Partial,AI unavailable,False
57614860-7590-496c-bedd-1f38f79cf142,22eac7bdae21c902c469edcabd68416a,2026-08-26,Indeed,Data Engineer,ETL Data Engineer,Allocore,"Hybrid work in Mechanicsburg, PA 17055",Not specified,,Not specified,,,,0,https://www.indeed.com/viewjob?jk=123456789abcdef0,,,,,123456789abcdef0,False,50,Partial,AI unavailable,False
d08a00d7-6aa6-412a-b7d9-438ca93f5e70,0b449fa78619b892576dbc8da41a9c89,2026-08-26,Indeed,Data Engineer,"Senior Analytics Engineer, Data Platform",The New York Times,"New York, NY",Not specified,,Not specified,,,,0,https://www.indeed.com/rc/clk?jk=6da72b4f8dd2050c&bb=EMzXDVNUyJI0v5V-BUaVzAL58eRx_9PIKlwFvp8eCvYrU46LBFr6-HBnKwi9Uz44hr5ABk_jWANgi159w1i2bkMOJzvQPl2IQ1t_75iySLQUv5_p9rG-PcwcExbu0Yi-aD2DlJP89yTMuFapAI2vHGX7IKRfNZl8_80tJ4vpkJc%3D&xkcb=SoBH67M2ffrxVpgOpb0qbzkdCdPP&fccid=1b50fcfb150b1b48&vjs=3,,,,,6da72b4f8dd2050c,False,50,Partial,AI unavailable,False
16f35381-3185-4b11-9188-bb3ed98e020f,d99190b06c9617ae469091069f51f260,2026-08-26,Indeed,Data Engineer,Data Engineer 2,"Garmin International, Inc.","Boulder, CO 80301",Not specified,,Not specified,,,,0,https://www.indeed.com/rc/clk?jk=6f1214efc9e12ea6&bb=EMzXDVNUyJI0v5V-BUaVzAR1Dnn6Mn6mp5h1xxzzLMjSlOdq9BOcU2Y3mLskfSgXr66CL8GnDospt8P5EBzwAO1lcyIZ1TWesW6f3SCi1P7WNGAo6Nqzbtj0bmet2nMjDYZHUiKeNjFpQ-6ST0jDJ68M_jR1OOzqc3v_QKXcFs0E_X2ZUKvUrQ%3D%3D&xkcb=SoDa67M2ffrxVpgOpb0pbzkdCdPP&fccid=70a994275a3b9062&vjs=3,,,,,6f1214efc9e12ea6,False,50,Partial,AI unavailable,False
0f7e48bb-9d16-43b1-af99-9682cd1211b4,c28579745d0b29c1558f1f136586dadb,2026-08-26,Indeed,Data Engineer,Senior Data Engineer - Cybersecurity,Ford Motor Company,Remote,Remote,,Not specified,,,,0,https://www.indeed.com/rc/clk?jk=1f6ddc0cc4ef4f8f&bb=EMzXDVNUyJI0v5V-BUaVzJCBCiICUu3VLUBlq4KRvmZy_zEoxzziYfyVAkV-6olcH9a4rEF6wieT37HQ7n6CwItOopsvVxCrbTJB78csv9kmVkiWrUz55PLZc54wi0Bz0Vd92McoxdZzrftwPUBlLXbOMFntUWH2E1ZYLXP2cbk%3D&xkcb=SoBu67M2ffrxVpgOpb0obzkdCdPP&fccid=761c44c17d636bfe&vjs=3,,,,,1f6ddc0cc4ef4f8f,False,50,Partial,AI unavailable,False
6b4cba67-8dac-43e4-8d1b-22999e3d9d98,6b3f75af964f5b1234d885ef7aa1a608,2026-08-26,Dice,Data Engineer,Data Engineer,Beacon Hill,"Greenwood Village, Colorado • Today",Not specified,,Not specified,,"Greenwood Village, Colorado • Today",,0,https://www.dice.com/job-detail/c24ca9cf-ef5d-4ebd-918d-b56f6aaca738,,,,,c24ca9cf-ef5d-4ebd-918d-b56f6aaca738,False,50,Partial,AI unavailable,False
4d9cb395-5cee-447c-a3bb-6ada0a69fc76,c9b6af75eefe56d7f43fc983626c7267,2026-08-26,Dice,Data Engineer,Data Engineer,Epikso,"Phoenix, Arizona • Today",Not specified,,Not specified,,"Phoenix, Arizona • Today",,0,https://www.dice.com/job-detail/8b562e97-80da-4275-804c-5a7614efb82d,,,,,8b562e97-80da-4275-804c-5a7614efb82d,False,50,Partial,AI unavailable,False
de55883e-4380-4c8d-918e-569842779932,124983cda241ff2751c81d52b608f703,2026-08-26,Dice,Data Engineer,Data Engineer,Saim Technologies,Remote • Today,Remote,,Not specified,,Remote • Today,,0,https://www.dice.com/job-detail/13fea93c-ba03-43f5-8a90-61edbc1e4c28,,,,,13fea93c-ba03-43f5-8a90-61edbc1e4c28,False,50,Partial,AI unavailable,False
1643e689-1cde-4239-a89a-ace4f8547934,ac48b4289f0dbc881734ffa206816285,2026-08-26,Dice,Data Engineer,Data Engineer,Cyber Sphere LLC,Remote • Today,Remote,,Not specified,,Remote • Today,,0,https://www.dice.com/job-detail/94dacf9e-5c56-4db7-813c-5e89679dcffc,,,,,94dacf9e-5c56-4db7-813c-5e89679dcffc,False,50,Partial,AI unavailable,False
1a2a65f8-eead-4646-b6ea-ed8e6f25858c,5ba57758185f8f7a246071a9b75a7148,2026-08-26,Dice,Data Engineer,Data Engineer,Dexian DISYS,"Durham, North Carolina • Today",Not specified,,Not specified,,"Durham, North Carolina • Today",,0,https://www.dice.com/job-detail/e84d6a58-2f6b-427d-bced-4b7c6d14818e,,,,,e84d6a58-2f6b-427d-bced-4b7c6d14818e,False,50,Partial,AI unavailable,False
469aea6f-bddf-401e-96e1-4bcc093bd17a,d20c0139634934ed6d4f59f8bc1d1072,2026-08-26,Dice,Data Engineer,Data Engineer,Symphony Enterprises,"New York, New York • Yesterday",Not specified,,Not specified,,"New York, New York • Yesterday",,0,https://www.dice.com/job-detail/36aac8fe-3dc8-4822-b24f-43808d4f1377,,,,,36aac8fe-3dc8-4822-b24f-43808d4f1377,False,50,Partial,AI unavailable,False
ea748f82-ee29-4532-a0a9-db82a3fe0a22,6902e9b2504ee68a82c83ac9ef2235b9,2026-08-26,Dice,Data Engineer,Data Engineer,PRIMUS Global Services Inc.,Remote or Texas • Today,Remote,,Not specified,,Remote or Texas • Today,,0,https://www.dice.com/job-detail/593c3a0f-f122-4d6f-8345-cbca0ed7a059,,,,,593c3a0f-f122-4d6f-8345-cbca0ed7a059,False,50,Partial,AI unavailable,False
2c8c5e20-78d0-4b25-b41c-030bc856f5da,a41084533f5ffaa9f9a12266f3f0406d,2026-08-26,Dice,Data Engineer,Data Engineer,Randstad Digital,North Carolina • Today,Not specified,,Not specified,,North Carolina • Today,,0,https://www.dice.com/job-detail/aa712ff1-9b2d-4a78-9b9e-80617f4e6aa5,,,,,aa712ff1-9b2d-4a78-9b9e-80617f4e6aa5,False,50,Partial,AI unavailable,False
f0496a47-9406-425a-8025-85536bf818ee,4059d4a04902b110e7c886223dee23bd,2026-08-26,Dice,Data Engineer,Data Engineer,Exatech Inc,"Brooklyn, New York • Today",Not specified,,Not specified,,"Brooklyn, New York • Today",,0,https://www.dice.com/job-detail/be225768-2dfa-4b07-90fd-4de7af785739,,,,,be225768-2dfa-4b07-90fd-4de7af785739,False,50,Partial,AI unavailable,False
aa2eb8e6-9702-44b8-b861-6b8086488876,cf41a0263139df3987b04747a6b9155d,2026-08-26,Dice,Data Engineer,Data Engineer,Drunix Solution Inc,"Jersey City, New Jersey • Today",Not specified,,Not specified,,"Jersey City, New Jersey • Today",,0,https://www.dice.com/job-detail/d94e9c51-c1a1-419b-a1e4-abda54bf7924,,,,,d94e9c51-c1a1-419b-a1e4-abda54bf7924,False,50,Partial,AI unavailable,False
0013df67-27b0-41d7-b118-1cf986fc6fcb,8e73e4433a418680f4b4ac49b65ed6cb,2026-08-26,Dice,Data Engineer,Data Engineer,Zapcom Group,"West Palm Beach, Florida • Today",Not specified,,Not specified,,"West Palm Beach, Florida • Today",,0,https://www.dice.com/job-detail/aa756147-b62b-4ce9-ae22-c7c0c9dc7594,,,,,aa756147-b62b-4ce9-ae22-c7c0c9dc7594,False,50,Partial,AI unavailable,False
b2db1dcc-c1cb-4498-a192-153c743fe98d,8aeba02ed42d5e9d2fd7b2b11f4cc540,2026-08-26,Built In,Data Engineer,Principle Data Engineer,Principle Data Engineer,7 Hours Ago,Not specified,,Not specified,,,,0,https://builtin.com/job/principle-data-engineer/10845305,,,,,,False,50,Partial,AI unavailable,False
70e06aa2-cfb6-4a5d-a5c5-1c30f87bbc8a,2c5517e7f4c894120ad15a3256d1d19a,2026-08-26,Built In,Data Engineer,Data Engineer,Data Engineer,11 Hours Ago,Not specified,,Not specified,,,,0,https://builtin.com/job/data-engineer/10843945,,,,,,False,50,Partial,AI unavailable,False
6db01e64-ab98-4bef-a870-f30117f415e5,51a8a2cbdecf2eeca8b2ae10034563a1,2026-08-26,Built In,Data Engineer,"Lead, Data Engineer","Lead, Data Engineer",19 Days Ago,Not specified,,Not specified,,,,0,https://builtin.com/job/lead-data-engineer/10586313,,,,,,False,50,Partial,AI unavailable,False
e01a1b9a-f68e-4916-89a4-21f97dba3c17,352ced303005df2cea0dcd7a41e76bc7,2026-08-26,Built In,Data Engineer,Principal Data Engineer,Principal Data Engineer,19 Days Ago,Not specified,,Not specified,,,,0,https://builtin.com/job/principal-data-engineer/10586292,,,,,,False,50,Partial,AI unavailable,False
8d9b97a7-9f2a-4c5b-9388-35c95acfe330,0266bf172854d9a5a41b78f162870bb5,2026-08-26,Built In,Data Engineer,Data Engineer _ ALM - MTCR,Data Engineer _ ALM - MTCR,19 Days Ago,Not specified,,Not specified,,,,0,https://builtin.com/job/data-engineer-alm-mtcr/10578890,,,,,,False,50,Partial,AI unavailable,False
23bca709-2865-4ca1-ba57-5167cfbc2fc8,44ec50f0b5f5e7c9a4caf478ed5c6bce,2026-08-26,Lever,Data Engineer,Kitman Labs - Data Engineer,Kitmanlabs,USA,Not specified,,Not specified,,,,0,https://jobs.lever.co/kitmanlabs/6c9e95ee-9fb1-4cf5-a84a-83b2ced63951/apply,,,,,6c9e95ee-9fb1-4cf5-a84a-83b2ced63951,False,60,Partial,AI unavailable,False
543d20e3-9759-40ff-95c6-a90c2bc770ea,cb1311a6e6401624c895589968172451,2026-08-26,LinkedIn,Senior Data Engineer,"Senior Software Engineer, Data",Ruxlo,"New Jersey, United States",Not specified,,Not specified,,2026-08-25,,0,https://www.linkedin.com/jobs/view/senior-software-engineer-data-at-ruxlo-4459040579,,,,,,False,50,Partial,AI unavailable,False
c02b37a5-31bb-4d2b-b535-eaa4b79799ec,21db9742aae02f5a6db4ebb536056cf1,2026-08-26,LinkedIn,Senior Data Engineer,Senior Data Engineer,Stellantis,"Auburn Hills, MI",Not specified,,Not specified,,2026-08-26,,0,https://www.linkedin.com/jobs/view/senior-data-engineer-at-stellantis-4440915342,,,,,,False,50,Partial,AI unavailable,False
fd1ef323-5bce-4dea-8436-dc1c5c95ec1c,1f14ea27b3294f8e0eb2d838275369f5,2026-08-26,LinkedIn,Senior Data Engineer,Senior Data Engineer,Gemini,"Miami, FL",Not specified,,Not specified,,2026-08-26,,0,https://www.linkedin.com/jobs/view/senior-data-engineer-at-gemini-4442691749,,,,,,False,50,Partial,AI unavailable,False
6f646000-8ef8-4bb5-a387-7b0b2c2ba2e5,7b4ceb0357840901c8895c9822935e5f,2026-08-26,LinkedIn,Senior Data Engineer,Senior Data Management Professional - Data Engineering (Data AI),Bloomberg,"Princeton, NJ",Not specified,,Not specified,,2026-08-26,,0,https://www.linkedin.com/jobs/view/senior-data-management-professional-data-engineering-data-ai-at-bloomberg-4438024529,,,,,,False,50,Partial,AI unavailable,False
19454458-0569-43b8-aad6-4c8b5ea108d5,4c8326e610ed20d35bb80028684fd5c4,2026-08-26,LinkedIn,Senior Data Engineer,Senior Data Engineer,"Steampunk, Inc.","McLean, VA",Not specified,,Not specified,,2026-08-25,,0,https://www.linkedin.com/jobs/view/senior-data-engineer-at-steampunk-inc-4456950329,,,,,,False,50,Partial,AI unavailable,False
c9be1811-3c4f-4072-96b1-a12118ccae6c,ff78fc8fbbd627a1858d7c4c4ffe2671,2026-08-26,LinkedIn,Senior Data Engineer,Senior Data Engineer,AIR Communities,"Denver, CO",Not specified,,Not specified,,2026-08-26,,0,https://www.linkedin.com/jobs/view/senior-data-engineer-at-air-communities-4440587303,,,,,,False,50,Partial,AI unavailable,False
3b6eeb7e-333b-4820-9919-0af266686bb9,0525f6b69d6b340f105d122edf2f91e9,2026-08-26,LinkedIn,Senior Data Engineer,Senior Data Engineer,Versant Media,"Los Angeles, CA",Not specified,,Not specified,,2026-08-26,,0,https://www.linkedin.com/jobs/view/senior-data-engineer-at-versant-media-4439816106,,,,,,False,50,Partial,AI unavailable,False
3ea52256-286e-42d7-b868-6046ee735370,8b7843c01413a4468e2d10b9a18a2c83,2026-08-26,LinkedIn,Senior Data Engineer,"Senior Data Engineer, Reporting & Analytics",Drata,"San Francisco, CA",Not specified,,Not specified,,2026-08-25,,0,https://www.linkedin.com/jobs/view/senior-data-engineer-reporting-analytics-at-drata-4419432853,,,,,,False,50,Partial,AI unavailable,False
45476498-fe3e-4b78-bffb-1ddf6f77443d,bdc4057495fbcc4c4229dc10fead3b8a,2026-08-26,LinkedIn,Senior Data Engineer,Senior Data Engineer,Strum Platform,United States,Not specified,,Not specified,,2026-08-25,,0,https://www.linkedin.com/jobs/view/senior-data-engineer-at-strum-platform-4459069181,,,,,,False,50,Partial,AI unavailable,False
11799dc8-0a9d-431e-b798-c1b18d6e0c0b,3fe4271fe9b3ffad05369d32433652c1,2026-08-26,LinkedIn,Senior Data Engineer,Senior Data Engineer,Boston Scientific,"Arden Hills, MN",Not specified,,Not specified,,2026-08-25,,0,https://www.linkedin.com/jobs/view/senior-data-engineer-at-boston-scientific-4457526704,,,,,,False,50,Partial,AI unavailable,False
06477603-948b-4b68-86e3-42f287cb8e18,722329bb6e792194a4d70e8bb09e2f18,2026-08-26,LinkedIn,Senior Data Engineer,Senior Data Engineer,United Therapeutics Corporation,Raleigh-Durham-Chapel Hill Area,Not specified,,Not specified,,2026-08-26,,0,https://www.linkedin.com/jobs/view/senior-data-engineer-at-united-therapeutics-corporation-4459330632,,,,,,False,50,Partial,AI unavailable,False
f58bc16d-9654-4864-9756-87dcea1a3bdb,bfc1dafb19dc5a94b5ff04c3b423825a,2026-08-26,LinkedIn,Senior Data Engineer,Senior Data Integrations Engineer,Sherwin-Williams,"Cleveland, OH",Not specified,,Not specified,,2026-08-26,,0,https://www.linkedin.com/jobs/view/senior-data-integrations-engineer-at-sherwin-williams-4459319480,,,,,,False,50,Partial,AI unavailable,False
67c0ecda-7037-4ccc-bc24-1543c583245a,482b319b07a9478cb60660356e32406b,2026-08-26,LinkedIn,Senior Data Engineer,Senior Data Engineer,Domino's,"Ann Arbor, MI",Not specified,,Not specified,,2026-08-26,,0,https://www.linkedin.com/jobs/view/senior-data-engineer-at-domino-s-4456978522,,,,,,False,50,Partial,AI unavailable,False
e2a80b20-9a91-4520-b48d-88bf5932b34e,cdc51a3c1eaea20d7e97cd532af7cd25,2026-08-26,LinkedIn,Senior Data Engineer,Sr. Data Engineer,Premier Nutrition: The Good Energy People,"Emeryville, CA",Not specified,,Not specified,,2026-08-26,,0,https://www.linkedin.com/jobs/view/sr-data-engineer-at-premier-nutrition-the-good-energy-people-4457685289,,,,,,False,50,Partial,AI unavailable,False
1749df54-8883-4d4f-bb65-73a9d9452ec0,84f9e71ab5bd3ffd58e70e9f0eea7925,2026-08-26,LinkedIn,Senior Data Engineer,Sr. Enterprise Data Engineer,Stanford Health Care,"California, United States",Not specified,,Not specified,,2026-08-26,,0,https://www.linkedin.com/jobs/view/sr-enterprise-data-engineer-at-stanford-health-care-4459117793,,,,,,False,50,Partial,AI unavailable,False
43ae4119-ebcf-4198-9d2d-c4860fd96450,83593aec4588d7a352f7f4c4be6916a6,2026-08-26,LinkedIn,Senior Data Engineer,Senior Data Engineer,Cloudflare,"Austin, TX",Not specified,,Not specified,,2026-08-26,,0,https://www.linkedin.com/jobs/view/senior-data-engineer-at-cloudflare-4438000809,,,,,,False,50,Partial,AI unavailable,False
f02e010f-8874-4078-a98a-01e30936829e,35eab289caae1c50a3d4de359a347553,2026-08-26,LinkedIn,Senior Data Engineer,Senior Data Engineer,US Pharmacopeia,"Rockville, MD",Not specified,,Not specified,,2026-08-26,,0,https://www.linkedin.com/jobs/view/senior-data-engineer-at-us-pharmacopeia-4392005693,,,,,,False,50,Partial,AI unavailable,False
c9cb611d-5143-4a93-bbf8-eac57864a8fc,a4db78206444a63b4549b4695942b57b,2026-08-26,LinkedIn,Senior Data Engineer,Senior Data Engineer - Power BI,Fidelity Investments,"Durham, NC",Not specified,,Not specified,,2026-08-26,,0,https://www.linkedin.com/jobs/view/senior-data-engineer-power-bi-at-fidelity-investments-4440806393,,,,,,False,50,Partial,AI unavailable,False
8690017a-1f50-443a-9fcc-7ae3f76b12c2,63e1a404c5341e680d660a04bfd65685,2026-08-26,LinkedIn,Senior Data Engineer,Sr. Data Engineer,Seattle Children's,"Seattle, WA",Not specified,,Not specified,,2026-08-26,,0,https://www.linkedin.com/jobs/view/sr-data-engineer-at-seattle-children-s-4459305341,,,,,,False,50,Partial,AI unavailable,False
bb9e8a2a-ea7c-4b3d-ad10-b885fc9c8ca7,1476787218266ec561d24a1ef7f71709,2026-08-26,Dice,Senior Data Engineer,Senior Data Engineer,HMG America,"Seattle, Washington • Today",Not specified,,Not specified,,"Seattle, Washington • Today",,0,https://www.dice.com/job-detail/e191bace-c89c-4d6b-b934-5b3a0a934b26,,,,,e191bace-c89c-4d6b-b934-5b3a0a934b26,False,50,Partial,AI unavailable,False
18d177b2-371e-4b66-a035-393bd64dab86,0671b72fa67329161b360170028a16cc,2026-08-26,Dice,Senior Data Engineer,Senior Data Engineer,Booz Allen Hamilton,"Charlottesville, Virginia • Today",Not specified,,Not specified,,"Charlottesville, Virginia • Today",,0,https://www.dice.com/job-detail/1dcc8ae6-3ace-4d73-9605-3cb168937d00,,,,,1dcc8ae6-3ace-4d73-9605-3cb168937d00,False,50,Partial,AI unavailable,False
57f2ec27-96c5-42b8-b66f-35a88f66f120,985d113f2acf391b6911405d66d9940e,2026-08-26,Dice,Senior Data Engineer,Senior Data Engineer,Booz Allen Hamilton,"Huntsville, Alabama • Today",Not specified,,Not specified,,"Huntsville, Alabama • Today",,0,https://www.dice.com/job-detail/0cfff85e-616a-431c-8ff4-95f95d180606,,,,,0cfff85e-616a-431c-8ff4-95f95d180606,False,50,Partial,AI unavailable,False
8bded1c1-5088-4737-8efb-addd9152a212,dae927a3b752da2e4740fa1011b7a3aa,2026-08-26,Built In,Senior Data Engineer,"Sr. Data Engineer, Analytics Engineering","Sr. Data Engineer, Analytics Engineering",7 Days Ago,Not specified,,Not specified,,,,0,https://builtin.com/job/sr-data-engineer-analytics-engineering/10734815,,,,,,False,50,Partial,AI unavailable,False
4b72c8fa-ff71-48e6-a232-7944e6b26043,aa4a926320f48ef7019c9df4986841b3,2026-08-26,Built In,Senior Data Engineer,Sr. Data Engineer (5 PM to 2 AM IST),Sr. Data Engineer (5 PM to 2 AM IST),Reposted 9 Days Ago,Not specified,,Not specified,,,,0,https://builtin.com/job/sr-data-engineer-5-pm-2-am-ist/8895718,,,,,,False,50,Partial,AI unavailable,False
3cd1733b-6fbe-4bd7-add3-9feca8637b2c,da40ce7be7cbba7b2e66a2609b0a3961,2026-08-26,Built In,Senior Data Engineer,"SR ENGINEER, DATA,SMAI","SR ENGINEER, DATA,SMAI",Reposted 5 Days Ago,Not specified,,Not specified,,,,0,https://builtin.com/job/sr-engineer-data-smai/9329673,,,,,,False,50,Partial,AI unavailable,False
7fa3d8a7-c9a3-46f3-92fd-b376108bab7a,304f31407458de8d680b6dc6a528858b,2026-08-26,Built In,Senior Data Engineer,Senior Data Engineer,Senior Data Engineer,6 Hours Ago,Not specified,,Not specified,,,,0,https://builtin.com/job/senior-data-engineer/10845924,,,,,,False,50,Partial,AI unavailable,False
9c3470c7-6c54-4af6-a80f-47bd05607304,e039ff675bcbd1dfa7a65c6689faf7ed,2026-08-26,Built In,Senior Data Engineer,Senior Data Engineer,Senior Data Engineer,6 Hours Ago,Not specified,,Not specified,,,,0,https://builtin.com/job/senior-data-engineer/10845877,,,,,,False,50,Partial,AI unavailable,False
82e0ef01-ea2f-4a66-ba6f-1f5a6365f413,246bcd39a5f0a681dfd54192d8aa9715,2026-08-26,Built In,Senior Data Engineer,Sr. Data Engineer,Sr. Data Engineer,6 Hours Ago,Not specified,,Not specified,,,,0,https://builtin.com/job/sr-data-engineer/10845851,,,,,,False,50,Partial,AI unavailable,False
d1a15b74-95cf-414c-9023-ad8d6ddf1034,4e0c621dc7362009036911dcc90e9fd4,2026-08-26,Built In,Senior Data Engineer,Sr. Data Engineer,Sr. Data Engineer,6 Hours Ago,Not specified,,Not specified,,,,0,https://builtin.com/job/sr-data-engineer/10845826,,,,,,False,50,Partial,AI unavailable,False
08d0cbb4-1834-4458-a010-29fbabdec1af,9d4e6b1b2da0425be0b82cff21d75799,2026-08-26,Built In,Senior Data Engineer,Senior Data Engineer (Databricks),Senior Data Engineer (Databricks),6 Hours Ago,Not specified,,Not specified,,,,0,https://builtin.com/job/senior-data-engineer-databricks/10845804,,,,,,False,50,Partial,AI unavailable,False
3504a6b0-d637-41fe-a652-95d3ef1f9f53,97da88c9171563a31caf4d172cedb153,2026-08-26,Built In,Senior Data Engineer,Associate Sr. Data Engineer,Associate Sr. Data Engineer,6 Hours Ago,Not specified,,Not specified,,,,0,https://builtin.com/job/associate-sr-data-engineer/10845802,,,,,,False,50,Partial,AI unavailable,False
864363b9-9e64-4b9a-967c-bfd64ac16b4d,7e7d77147dc160163b4dd1e59c179031,2026-08-26,Built In,Senior Data Engineer,Associate Sr Data Engineer,Associate Sr Data Engineer,6 Hours Ago,Not specified,,Not specified,,,,0,https://builtin.com/job/associate-sr-data-engineer/10845760,,,,,,False,50,Partial,AI unavailable,False
feef5e19-b26c-4498-aad4-5f813f19660b,4224e684e0bc9f3c82ab045c3d48ab06,2026-08-26,Built In,Senior Data Engineer,Associate Sr. Data Engineer,Associate Sr. Data Engineer,6 Hours Ago,Not specified,,Not specified,,,,0,https://builtin.com/job/associate-sr-data-engineer/10845745,,,,,,False,50,Partial,AI unavailable,False
df9f129b-255b-4d9f-8ef7-ba7ac331968f,beb6de0fc3650e768a2c6c3fc399a04b,2026-08-26,LinkedIn,PySpark Engineer,Hadoop and PySpark Developer,Avance Consulting,"Plano, TX",Not specified,,Not specified,,2026-08-26,,0,https://www.linkedin.com/jobs/view/hadoop-and-pyspark-developer-at-avance-consulting-4454290279,,,,,,False,50,Partial,AI unavailable,False
068f83e1-e3fa-46f2-8d98-898de293d129,66a6eb9c479a3b680621005e96fc2761,2026-08-26,LinkedIn,PySpark Engineer,Data Engineer,"Pyramid Consulting, Inc","North Carolina, United States",Not specified,,Not specified,,2026-08-25,,0,https://www.linkedin.com/jobs/view/data-engineer-at-pyramid-consulting-inc-4457505382,,,,,,False,50,Partial,AI unavailable,False
099ee3b0-f688-4135-ad67-8cd156e55b16,6f479d45ee2f3e0a19f8dc5a81815175,2026-08-26,LinkedIn,PySpark Engineer,AWS Data Engineer,ValueMomentum,"Illinois, United States",Not specified,,Not specified,,2026-08-25,,0,https://www.linkedin.com/jobs/view/aws-data-engineer-at-valuemomentum-4457641213,,,,,,False,50,Partial,AI unavailable,False
242f38ad-c758-49bc-8b24-aec2745ebe06,d0cf95c0004f2099de0558ad7accbe3c,2026-08-26,LinkedIn,PySpark Engineer,"Big Data Engineer – Python/Scala, Spark, Hadoop","Sira Consulting, an Inc 5000 company","Arlington, VA",Not specified,,Not specified,,2026-08-26,,0,https://www.linkedin.com/jobs/view/big-data-engineer-%E2%80%93-python-scala-spark-hadoop-at-sira-consulting-an-inc-5000-company-4459312122,,,,,,False,50,Partial,AI unavailable,False
59eace27-d436-4e50-894c-7b2bfe600989,5b37fa618fc046d2f92d103bf12c6dac,2026-08-26,LinkedIn,PySpark Engineer,Data Bricks with Pyspark and SQL knowledge,Sophus IT Solutions,"Bellevue, WA",Not specified,,Not specified,,2026-08-25,,0,https://www.linkedin.com/jobs/view/data-bricks-with-pyspark-and-sql-knowledge-at-sophus-it-solutions-4457662055,,,,,,False,50,Partial,AI unavailable,False
1d5b8ef1-1f38-40a5-8cd7-ab67fd755745,a03e58af4a1c05246dbbafeaf137470a,2026-08-26,LinkedIn,PySpark Engineer,Data Engineer,Galent,Washington DC-Baltimore Area,Not specified,,Not specified,,2026-08-26,,0,https://www.linkedin.com/jobs/view/data-engineer-at-galent-4457289423,,,,,,False,50,Partial,AI unavailable,False
5e170cc2-ede7-48a3-bf1f-218223097c12,36036a10173b202636ab44abeb067a67,2026-08-26,LinkedIn,PySpark Engineer,Data Engineer - Databricks,Revature,"Washington, DC",Not specified,,Not specified,,2026-08-26,,0,https://www.linkedin.com/jobs/view/data-engineer-databricks-at-revature-4457942043,,,,,,False,50,Partial,AI unavailable,False
b2692a71-069a-4163-b73e-fec4d498ebea,cb73d1e83517ccaa6054f8f0fc8981a9,2026-08-26,LinkedIn,PySpark Engineer,AWS Data Engineer,Interon IT Solutions,"Chantilly, VA",Not specified,,Not specified,,2026-08-25,,0,https://www.linkedin.com/jobs/view/aws-data-engineer-at-interon-it-solutions-4459035001,,,,,,False,50,Partial,AI unavailable,False
b10cf058-dba8-4b4b-a6f9-2de2e6663413,3fd889d87de656e3ea997f9387004e8d,2026-08-26,LinkedIn,PySpark Engineer,Python Hadoop Engineer,Tata Consultancy Services,"Charlotte, NC",Not specified,,Not specified,,2026-08-25,,0,https://www.linkedin.com/jobs/view/python-hadoop-engineer-at-tata-consultancy-services-4457645420,,,,,,False,50,Partial,AI unavailable,False
f2fdfff0-3a0e-4262-b1b5-6ea6dbae5fbc,70487bdae537ae2c2053f222a19294bf,2026-08-26,LinkedIn,PySpark Engineer,Senior Data Engineer,Net2Source (N2S),"Exeter, PA",Not specified,,Not specified,,2026-08-26,,0,https://www.linkedin.com/jobs/view/senior-data-engineer-at-net2source-n2s-4450633517,,,,,,False,50,Partial,AI unavailable,False
1a34baa2-81bc-4abf-9c37-9f4a42a93854,6326e79d1e64e34894042e5021cf3147,2026-08-26,LinkedIn,PySpark Engineer,Data Engineer (Cloudera Platform),Prism IT Global,"Irving, TX",Not specified,,Not specified,,2026-08-25,,0,https://www.linkedin.com/jobs/view/data-engineer-cloudera-platform-at-prism-it-global-4457619754,,,,,,False,50,Partial,AI unavailable,False
3bfae1a6-e6c3-4257-9d23-18b74fa141ae,af73b0ac5175d57db970fe943b31c8fd,2026-08-26,LinkedIn,PySpark Engineer,Python Developer,Swoon,"Plano, TX",Not specified,,Not specified,,2026-08-26,,0,https://www.linkedin.com/jobs/view/python-developer-at-swoon-4457962779,,,,,,False,50,Partial,AI unavailable,False
5833cea7-d1bc-4874-9dd4-fbfe7e4e7ff8,ee2d81ebcb1db92cb5297e7b4a4681c6,2026-08-26,LinkedIn,PySpark Engineer,Data Engineer (Cloudera Platform),Voto Consulting LLC,"Irving, TX",Not specified,,Not specified,,2026-08-25,,0,https://www.linkedin.com/jobs/view/data-engineer-cloudera-platform-at-voto-consulting-llc-4457646154,,,,,,False,50,Partial,AI unavailable,False
d2240d11-7f54-4266-9501-f46970c342ac,fa385ca18d7a779d0b681bc24452c2ba,2026-08-26,LinkedIn,PySpark Engineer,Senior Data Engineer,Colorado Rockies,"Denver, CO",Not specified,,Not specified,,2026-08-26,,0,https://www.linkedin.com/jobs/view/senior-data-engineer-at-colorado-rockies-4459102840,,,,,,False,50,Partial,AI unavailable,False
2e179298-93f0-4bbb-acd6-4498618b97ff,70b838bdc023a63d53da14320d7b4129,2026-08-26,LinkedIn,PySpark Engineer,AWS data engineer,Carbonsoft,"Richmond, VA",Not specified,,Not specified,,2026-08-25,,0,https://www.linkedin.com/jobs/view/aws-data-engineer-at-carbonsoft-4456956495,,,,,,False,50,Partial,AI unavailable,False
5b0656e9-9c7b-4ff0-8502-55344c47f9f7,ab90c8d689da0ac710a78d65fa1d10d2,2026-08-26,LinkedIn,PySpark Engineer,Python Developer,"Baanyan Software Services, Inc.","Plano, TX",Not specified,,Not specified,,2026-08-26,,0,https://www.linkedin.com/jobs/view/python-developer-at-baanyan-software-services-inc-4457957876,,,,,,False,50,Partial,AI unavailable,False
dca61f59-2f51-4d26-b449-80288627f8e3,68a85b5a8fb995c50effed0edbf477a5,2026-08-26,LinkedIn,PySpark Engineer,Data Engineer,Tata Consultancy Services,"Malvern, PA",Not specified,,Not specified,,2026-08-26,,0,https://www.linkedin.com/jobs/view/data-engineer-at-tata-consultancy-services-4439932264,,,,,,False,50,Partial,AI unavailable,False
43c57017-6b13-4dda-9558-fac7e8879a01,e980802b1bf4738934eb438b0af4ccb0,2026-08-26,Dice,PySpark Engineer,PySpark Engineer,Aptino,"Lincolnshire, Illinois • 6d ago",Not specified,,Not specified,,"Lincolnshire, Illinois • 6d ago",,0,https://www.dice.com/job-detail/28d07a02-f9c8-4a5d-a978-4059711650c5,,,,,28d07a02-f9c8-4a5d-a978-4059711650c5,False,50,Partial,AI unavailable,False
400fc0c8-7923-4c08-89a5-4f504cea51d2,fcbc52d799ff899cc78f0c6569e33344,2026-08-26,Built In,PySpark Engineer,"Software Engineer II - Python, FastAPI/Django, Spark/Pyspark,Cloud, AI/ML - Mumbai/Bengaluru","Software Engineer II - Python, FastAPI/Django, Spa",Reposted 4 Hours Ago,Not specified,,Not specified,,,,0,https://builtin.com/job/software-engineer-ii-backend-aiml/10464628,,,,,,False,50,Partial,AI unavailable,False
8ce2d24d-c737-4705-9f8a-b8cecec3f9c8,3a395f48db428ef5393fcd4c6f37e11b,2026-08-26,Built In,PySpark Engineer,PySpark/Python developer - AVP,PySpark/Python developer - AVP,Reposted 20 Days Ago,Not specified,,Not specified,,,,0,https://builtin.com/job/pyspark-python-developer-avp/9762556,,,,,,False,50,Partial,AI unavailable,False
a2f17508-4d7c-428c-b12c-8483a60daf61,f359630c271c8f1677e1a1031a6305a2,2026-08-26,Built In,PySpark Engineer,Engineer - PySpark/SQL,Engineer - PySpark/SQL,21 Days Ago,Not specified,,Not specified,,,,0,https://builtin.com/job/engineer-pyspark-sql/10541366,,,,,,False,50,Partial,AI unavailable,False
9f22b365-4e5d-42d0-b5c3-c446a8ea2f54,f8fa094579b25a0ad50aac196f52e785,2026-08-26,Lever,PySpark Engineer,Penumbra - IT DevOps Engineer,Penumbrainc,USA,Not specified,,Not specified,,,,0,https://jobs.lever.co/penumbrainc/299f3607-0a1a-4a5d-bada-3db58982b835,,,,,299f3607-0a1a-4a5d-bada-3db58982b835,False,80,Valid,AI unavailable,False
95865e08-1ea5-482f-a828-648844079d2a,b160e45631ae9928b3b6a385dc7310f0,2026-08-26,LinkedIn,ETL Developer,ETL Developer,The Glove,"Dallas, TX",Not specified,,Not specified,,2026-08-25,,0,https://www.linkedin.com/jobs/view/etl-developer-at-the-glove-4459037859,,,,,,False,50,Partial,AI unavailable,False
90c74ec8-b3bd-437f-9675-3c81f06164bb,980e566e52d5a94e8f023ce047c95011,2026-08-26,LinkedIn,ETL Developer,Data Warehouse Developer,American Heart Association,"Dallas, TX",Not specified,,Not specified,,2026-08-26,,0,https://www.linkedin.com/jobs/view/data-warehouse-developer-at-american-heart-association-4449640398,,,,,,False,50,Partial,AI unavailable,False
a45d270d-85e9-4f33-b232-e06ea4fce3fe,56410664874ff485cda8f15b6d869cdd,2026-08-26,LinkedIn,ETL Developer,ETL Developer,Mastech Digital,"Pittsburgh, PA",Not specified,,Not specified,,2026-08-26,,0,https://www.linkedin.com/jobs/view/etl-developer-at-mastech-digital-4457258859,,,,,,False,50,Partial,AI unavailable,False
a10dbe6a-a515-4aba-bb7a-e8c4e3717102,ad2af596657fbd56dc34c410964ebd28,2026-08-26,LinkedIn,ETL Developer,Data Integration Engineer,Krispy Kreme,"Charlotte, NC",Not specified,,Not specified,,2026-08-26,,0,https://www.linkedin.com/jobs/view/data-integration-engineer-at-krispy-kreme-4431479026,,,,,,False,50,Partial,AI unavailable,False
370ec914-7433-486a-a70a-f02dcedfbc10,0bce7f01248e0a570336a8334f520757,2026-08-26,LinkedIn,ETL Developer,Data Engineer,Infosys,"Basking Ridge, NJ",Not specified,,Not specified,,2026-08-25,,0,https://www.linkedin.com/jobs/view/data-engineer-at-infosys-4456968758,,,,,,False,50,Partial,AI unavailable,False
d536da1b-896b-467f-8195-e71903758690,02f59171d2727328410788edebafa8e0,2026-08-26,LinkedIn,ETL Developer,Data Engineer-28780,Rush University Medical Center,"Chicago, IL",Not specified,,Not specified,,2026-08-26,,0,https://www.linkedin.com/jobs/view/data-engineer-28780-at-rush-university-medical-center-4449426732,,,,,,False,50,Partial,AI unavailable,False
2c6757d7-a0f7-4309-bb98-1dd1e4e8605e,e95a4584a847e335692ab44380e85293,2026-08-26,LinkedIn,ETL Developer,Data Engineer,Pizza Hut,"Irvine, CA",Not specified,,Not specified,,2026-08-26,,0,https://www.linkedin.com/jobs/view/data-engineer-at-pizza-hut-4419222552,,,,,,False,50,Partial,AI unavailable,False
268e0198-ca34-45e5-8ff5-d41f2b6bd04b,0b32cc3a18649bf468fdedf50e296689,2026-08-26,LinkedIn,ETL Developer,SQL Developer,TripleScreen Search & Staffing,"Conshohocken, PA",Not specified,,Not specified,,2026-08-26,,0,https://www.linkedin.com/jobs/view/sql-developer-at-triplescreen-search-staffing-4457671418,,,,,,False,50,Partial,AI unavailable,False
5a52a9a5-6865-4cfe-9fac-76ff1026b820,6bfccbfd8126c47c46236f432fd3baed,2026-08-26,LinkedIn,ETL Developer,Data Engineer,PMG GLOBAL,"Smithfield, RI",Not specified,,Not specified,,2026-08-25,,0,https://www.linkedin.com/jobs/view/data-engineer-at-pmg-global-4459022556,,,,,,False,50,Partial,AI unavailable,False
1e964796-4c2e-4497-bfba-eb3d689ac359,9c2d0bd4275416789c6024ac5bfca01c,2026-08-26,LinkedIn,ETL Developer,Data Engineer,Capgemini,"Whippany, NJ",Not specified,,Not specified,,2026-08-26,,0,https://www.linkedin.com/jobs/view/data-engineer-at-capgemini-4457979235,,,,,,False,50,Partial,AI unavailable,False
cb6ca5df-c11b-411f-b1b0-ccde374e343c,d07dd628e5c33f69ec5a8df0f995eb8f,2026-08-26,LinkedIn,ETL Developer,Senior Data Engineer,Insight Global,"Duluth, GA",Not specified,,Not specified,,2026-08-26,,0,https://www.linkedin.com/jobs/view/senior-data-engineer-at-insight-global-4457904217,,,,,,False,50,Partial,AI unavailable,False
33919722-c62d-4a00-adca-3ce934eaa30d,a5c3ae982013f26a2470e9eba974b759,2026-08-26,LinkedIn,ETL Developer,Data Engineer,Family Dollar,"Chesapeake, VA",Not specified,,Not specified,,2026-08-25,,0,https://www.linkedin.com/jobs/view/data-engineer-at-family-dollar-4455308445,,,,,,False,50,Partial,AI unavailable,False
5b0e8643-1082-4895-a327-94960130955b,09a6167a5c3fc259ea32700f4f91a84c,2026-08-26,LinkedIn,ETL Developer,Data Engineer 2,Garmin,"Olathe, KS",Not specified,,Not specified,,2026-08-25,,0,https://www.linkedin.com/jobs/view/data-engineer-2-at-garmin-4459000701,,,,,,False,50,Partial,AI unavailable,False
73d1799b-9005-45f7-bc35-3fafa0ce72c3,424264a931e63f12bdf8d23dcbf9e152,2026-08-26,LinkedIn,ETL Developer,Data Engineer,RemoteHunter,United States,Not specified,,Not specified,,2026-08-26,,0,https://www.linkedin.com/jobs/view/data-engineer-at-remotehunter-4457912420,,,,,,False,50,Partial,AI unavailable,False
305b27cc-4cb4-400e-8039-ecc1ccac33d9,5e67aefa1a2ff2b32f66b4933f64931f,2026-08-26,LinkedIn,ETL Developer,Data Engineer III,Bank of America,"Jersey City, NJ",Not specified,,Not specified,,2026-08-26,,0,https://www.linkedin.com/jobs/view/data-engineer-iii-at-bank-of-america-4440344031,,,,,,False,50,Partial,AI unavailable,False
64c51bac-a71e-4c87-afed-f83c0d09bad5,cd5b72544260a106fcc44c551451f450,2026-08-26,Dice,ETL Developer,ETL Developer,Cliff Services Inc,"Richmond, Virginia • Today",Not specified,,Not specified,,"Richmond, Virginia • Today",,0,https://www.dice.com/job-detail/0766d882-5cec-498b-a7f1-33c7126e6178,,,,,0766d882-5cec-498b-a7f1-33c7126e6178,False,50,Partial,AI unavailable,False
913671f2-9ea5-4ae2-a070-e6b844841f03,e43e93841f7846f65c0f365ffd04398f,2026-08-26,Dice,ETL Developer,ETL Developer,ETL DEVELOPER - REMOTE 1 YEAR CONTRACT,Contract Staffing Recruiters,Not specified,,Not specified,,Remote • Today,,0,https://www.dice.com/job-detail/7fce21d4-153f-450c-b409-2d494b484bc4,,,,,7fce21d4-153f-450c-b409-2d494b484bc4,False,50,Partial,AI unavailable,False
7c6212d3-6526-4d2a-b1ba-cfa80112cf18,77c6b49945a8d866affb2a3fc8858c98,2026-08-26,Dice,ETL Developer,ETL Developer,TATA Consultancy Services Limited,"Seattle, Washington • 21d ago",Not specified,,Not specified,,"Seattle, Washington • 21d ago",,0,https://www.dice.com/job-detail/4a0bc5fc-3942-4b49-a3cb-f1979a2da3d9,,,,,4a0bc5fc-3942-4b49-a3cb-f1979a2da3d9,False,50,Partial,AI unavailable,False
339d20ae-44c5-4932-9991-eacc7b234189,cc5960c5a07ff91970d9e7c783bf4b0e,2026-08-26,Dice,ETL Developer,ETL Developer,Cliff Services Inc,Florida • Today,Not specified,,Not specified,,Florida • Today,,0,https://www.dice.com/job-detail/ff0256ec-5add-4e42-a005-0566eff3d598,,,,,ff0256ec-5add-4e42-a005-0566eff3d598,False,50,Partial,AI unavailable,False
6692bc8b-55f9-40a5-8114-0d3bd06d17f3,dbd175c11749d359832063297184f87e,2026-08-26,Dice,ETL Developer,ETL Developer,System One,"Hybrid in Fernandina Beach, Florida • 7d ago",Not specified,,Not specified,,"Hybrid in Fernandina Beach, Florida • 7d ago",,0,https://www.dice.com/job-detail/3ff8b6f9-56a2-4812-9c98-aabd47401b20,,,,,3ff8b6f9-56a2-4812-9c98-aabd47401b20,False,50,Partial,AI unavailable,False
5f8e3408-963c-4f7a-9136-abbaad7f16af,a8f08dcbcce0fce58e74976e8f9548d3,2026-08-26,Dice,ETL Developer,ETL Developer,VIVA USA INC,"Hybrid in Washington, District of Columbia • 13d ago",Not specified,,Not specified,,"Hybrid in Washington, District of Columbia • 13d ago",,0,https://www.dice.com/job-detail/622049da-246b-439d-b57b-1d8771a9d8d4,,,,,622049da-246b-439d-b57b-1d8771a9d8d4,False,50,Partial,AI unavailable,False
861d4a62-62d3-4959-9927-4f1c760d49ce,fe935d3a049f18f36efe82c6426e33ee,2026-08-26,Built In,ETL Developer,"Python Developer – Snowflake, ETL/ELT, Advanced SQL & Cloud Data Engineering","Python Developer – Snowflake, ETL/ELT, Advanced SQ",11 Hours Ago,Not specified,,Not specified,,,,0,https://builtin.com/job/python-developer-snowflake-etl-elt-advanced-sql-cloud-data-engineering/10844111,,,,,,False,50,Partial,AI unavailable,False
a5eef635-151d-4d75-8133-1be010b10d22,69c356915ad0546cf77ea09886da80a5,2026-08-26,Built In,ETL Developer,"Senior Engineer, ETL","Senior Engineer, ETL",Reposted 4 Days Ago,Not specified,,Not specified,,,,0,https://builtin.com/job/senior-engineer-etl/2211984,,,,,,False,50,Partial,AI unavailable,False
d4262d55-8ae5-457b-a454-311dd2e68837,626578dca695e3798e1583ffe80d5907,2026-08-26,Built In,ETL Developer,Senior AWS & ETL Developer,Senior AWS & ETL Developer,Reposted 5 Days Ago,Not specified,,Not specified,,,,0,https://builtin.com/job/senior-aws-etl-developer/9861213,,,,,,False,50,Partial,AI unavailable,False
3e349fca-a162-4672-9550-d4d27c2e7998,46a49c3c73d517c9a62ac296310c988e,2026-08-26,LinkedIn,Analytics Engineer,Success Analytics Engineer,CodeRabbit,"Boston, MA",Not specified,,Not specified,,2026-08-25,,0,https://www.linkedin.com/jobs/view/success-analytics-engineer-at-coderabbit-4459029423,,,,,,False,50,Partial,AI unavailable,False
56f10d63-febe-4eec-9e45-084570cebd4f,ecfaa1695150c518c562d4ebbc292790,2026-08-26,LinkedIn,Analytics Engineer,Business Intelligence Data Engineer,Effy Jewelry,New York City Metropolitan Area,Not specified,,Not specified,,2026-08-25,,0,https://www.linkedin.com/jobs/view/business-intelligence-data-engineer-at-effy-jewelry-4459008196,,,,,,False,50,Partial,AI unavailable,False
2db200f5-44a7-4952-bd53-41d038f02640,01310312e1f476a946957fa95bf37bb9,2026-08-26,LinkedIn,Analytics Engineer,"Senior Analytics Engineer, GFCO Analytics",Coinbase,"San Francisco, CA",Not specified,,Not specified,,2026-08-26,,0,https://www.linkedin.com/jobs/view/senior-analytics-engineer-gfco-analytics-at-coinbase-4449095659,,,,,,False,50,Partial,AI unavailable,False
995454b5-0fb4-4e6f-9f68-d5420476cdf6,1e791906f8662aacf8a1eff2b0e4b049,2026-08-26,LinkedIn,Analytics Engineer,Sr. Analytics Engineer-Product Insights,CrowdStrike,"New York, NY",Not specified,,Not specified,,2026-08-26,,0,https://www.linkedin.com/jobs/view/sr-analytics-engineer-product-insights-at-crowdstrike-4447355307,,,,,,False,50,Partial,AI unavailable,False
b69b08ca-808a-45fc-9935-c0fb0bbcd5e8,938779f0110a8244c5b71927908dd354,2026-08-26,LinkedIn,Analytics Engineer,Marketing Analytics Engineer,Copilot Money,"New York, NY",Not specified,,Not specified,,2026-08-26,,0,https://www.linkedin.com/jobs/view/marketing-analytics-engineer-at-copilot-money-4449060805,,,,,,False,50,Partial,AI unavailable,False
3cbec4d1-9b62-4eeb-83ce-f004aab62e6c,7f4e22c8d626aa35fd6358df6f1ba349,2026-08-26,LinkedIn,Analytics Engineer,"Data Engineer II, Financial Intelligence",Chewy,"Plantation, FL",Not specified,,Not specified,,2026-08-25,,0,https://www.linkedin.com/jobs/view/data-engineer-ii-financial-intelligence-at-chewy-4459029458,,,,,,False,50,Partial,AI unavailable,False
f4636599-552d-4cd9-afef-3fa63c6a630b,25bc909933e986a1088400ec0482d697,2026-08-26,LinkedIn,Analytics Engineer,Sr. Analytics Engineer-Product Insights,CrowdStrike,"Austin, TX",Not specified,,Not specified,,2026-08-26,,0,https://www.linkedin.com/jobs/view/sr-analytics-engineer-product-insights-at-crowdstrike-4447357281,,,,,,False,50,Partial,AI unavailable,False
86970729-d6d6-48df-9120-a7b7463ca751,c29c110beb405f2defc66f96978c90d9,2026-08-26,LinkedIn,Analytics Engineer,Analytics & Data Engineering (Lead or Head),DualEntry,"New York, NY",Not specified,,Not specified,,2026-08-26,,0,https://www.linkedin.com/jobs/view/analytics-data-engineering-lead-or-head-at-dualentry-4422127510,,,,,,False,50,Partial,AI unavailable,False
d20cc963-08dd-4a86-adbb-a5e4cd19e0e9,c7e205844f6caca5e6e1ebc20b10d381,2026-08-26,LinkedIn,Analytics Engineer,Analytics Engineer,New York Technology Partners,New York City Metropolitan Area,Not specified,,Not specified,,2026-08-26,,0,https://www.linkedin.com/jobs/view/analytics-engineer-at-new-york-technology-partners-4459190476,,,,,,False,50,Partial,AI unavailable,False
df9dbba1-585f-4d87-abbd-63095db354fb,f8b25f9f5f6bc1d84885e1ed1d40e194,2026-08-26,LinkedIn,Analytics Engineer,Senior Analytics Engineer,Velir,"Boston, MA",Not specified,,Not specified,,2026-08-26,,0,https://www.linkedin.com/jobs/view/senior-analytics-engineer-at-velir-4459097401,,,,,,False,50,Partial,AI unavailable,False
4623c88f-2642-4ec6-866b-b00ec77ceb43,0fb6e9d2133e5e4422a9e20a6ef341c8,2026-08-26,LinkedIn,Analytics Engineer,Data Engineer,Ascot Group,"New York, NY",Not specified,,Not specified,,2026-08-26,,0,https://www.linkedin.com/jobs/view/data-engineer-at-ascot-group-4447306149,,,,,,False,50,Partial,AI unavailable,False
66e1cc8e-d538-4031-8c88-02610a7e3b12,292e1d61c60d4d68c5f31b555e81609d,2026-08-26,LinkedIn,Analytics Engineer,Lead Analytics Engineer – Enterprise Data & AI,Zoox,"Foster City, CA",Not specified,,Not specified,,2026-08-26,,0,https://www.linkedin.com/jobs/view/lead-analytics-engineer-%E2%80%93-enterprise-data-ai-at-zoox-4440310326,,,,,,False,50,Partial,AI unavailable,False
d2fd230f-358a-4ec5-9b8f-ecee0aef5ee6,acfee6e19f93414551ad07545b45a3b3,2026-08-26,LinkedIn,Analytics Engineer,"Analytics Engineer, Day Shift, Strategic Analytics",Adventist HealthCare,"Gaithersburg, MD",Not specified,,Not specified,,2026-08-25,,0,https://www.linkedin.com/jobs/view/analytics-engineer-day-shift-strategic-analytics-at-adventist-healthcare-4459033370,,,,,,False,50,Partial,AI unavailable,False
1074da13-ccb0-4647-a518-50a3e83a6af0,7a0d0bd6dcf4b9944fdec8ffdf58febc,2026-08-26,LinkedIn,Analytics Engineer,Senior Analytics Engineer,Harnham,"Costa Mesa, CA",Not specified,,Not specified,,2026-08-26,,0,https://www.linkedin.com/jobs/view/senior-analytics-engineer-at-harnham-4438198583,,,,,,False,50,Partial,AI unavailable,False
16e7d924-25f1-44b9-bf8e-9335bded39ba,8616b076168de4f467e4a8b0484a751f,2026-08-26,LinkedIn,Analytics Engineer,Data Engineer,Tarro,"San Mateo, CA",Not specified,,Not specified,,2026-08-25,,0,https://www.linkedin.com/jobs/view/data-engineer-at-tarro-4364983904,,,,,,False,50,Partial,AI unavailable,False
ac8a7e1e-82ba-4124-ba10-58ecedd17e81,b856b5ce0d6c13862398293f1e7d3d28,2026-08-26,LinkedIn,Analytics Engineer,Data Engineer,Ascot Group,"Denver, CO",Not specified,,Not specified,,2026-08-26,,0,https://www.linkedin.com/jobs/view/data-engineer-at-ascot-group-4447305178,,,,,,False,50,Partial,AI unavailable,False
e0513bfc-250e-432e-ac0a-eb08224b7f34,059dd0855b651078020a3e81f458da6c,2026-08-26,Dice,Analytics Engineer,Analytics Engineer,Comrise,"Irvine, California • Today",Not specified,,Not specified,,"Irvine, California • Today",,0,https://www.dice.com/job-detail/75e50f9b-76ef-4236-86e7-077b26b1270a,,,,,75e50f9b-76ef-4236-86e7-077b26b1270a,False,50,Partial,AI unavailable,False
7ccf144b-2b60-4ae5-bb40-07a78225ab56,52423242cf4d986bc9e45f5928bb766a,2026-08-26,Dice,Analytics Engineer,Analytics Engineer,Cleo Consulting Inc.,"Hybrid in San Francisco, California • 26d ago",Not specified,,Not specified,,"Hybrid in San Francisco, California • 26d ago",,0,https://www.dice.com/job-detail/fdf68b8c-8a41-47e5-a05d-7c94a948ab83,,,,,fdf68b8c-8a41-47e5-a05d-7c94a948ab83,False,50,Partial,AI unavailable,False
1a67dde5-2fd6-45d9-a6c6-719083b9cac5,810001cc9a5a600f7243029c4e8d673c,2026-08-26,Built In,Analytics Engineer,Analytics Engineer - Senior Analyst,Analytics Engineer - Senior Analyst,10 Hours Ago,Not specified,,Not specified,,,,0,https://builtin.com/job/analytics-engineer-senior-analyst/10844422,,,,,,False,50,Partial,AI unavailable,False
aebce2fe-60eb-451b-b94b-cbb4266ae612,96d4103b8960ec5c2d085a6dff1983f0,2026-08-26,Built In,Analytics Engineer,Analytics Engineer 2 - Data Platform,Analytics Engineer 2 - Data Platform,14 Days Ago,Not specified,,Not specified,,,,0,https://builtin.com/job/analytics-engineer-2-data-platform/10635971,,,,,,False,50,Partial,AI unavailable,False
44083939-c028-4a1c-8d34-3629851ec84a,833c300841b517ff2ecdf942689aa1a3,2026-08-26,Built In,Analytics Engineer,ServiceNow Performance Analytics Developer,ServiceNow Performance Analytics Developer,Reposted 15 Days Ago,Not specified,,Not specified,,,,0,https://builtin.com/job/servicenow-performance-analytics-developer/10220032,,,,,,False,50,Partial,AI unavailable,False
1ee15f20-ef6d-4a1f-a4f7-b074f14356e6,6e1c43547f20c533619716ea32b4204f,2026-08-26,Lever,Analytics Engineer,Qonto - Analytics Engineer,Qonto,USA,Not specified,,Not specified,,,,0,https://jobs.lever.co/qonto/ebed5dab-630c-48ea-be8f-9e018797c193,,,,,ebed5dab-630c-48ea-be8f-9e018797c193,False,70,Valid,AI unavailable,False
8a3a6ec6-2197-4970-bcbb-af817d6c2df6,c31ed7a8e8125938f66fb0f3871683f0,2026-08-26,LinkedIn,Machine Learning Engineer,AI/Machine Learning Engineer,Veritone,"Irvine, CA",Not specified,,Not specified,,2026-08-26,,0,https://www.linkedin.com/jobs/view/ai-machine-learning-engineer-at-veritone-4446682561,,,,,,False,50,Partial,AI unavailable,False
32f44714-e56f-4189-a666-b717712b0edb,1c11afa82094197c56f435a6333c3ece,2026-08-26,LinkedIn,Machine Learning Engineer,AI / Machine Learning Talent,Ensemble Health Partners,"San Jose, CA",Not specified,,Not specified,,2026-08-26,,0,https://www.linkedin.com/jobs/view/ai-machine-learning-talent-at-ensemble-health-partners-4430584335,,,,,,False,50,Partial,AI unavailable,False
c402ca7c-0dd0-4983-8c20-b2ef697f65cc,5817d9f69da5d385f909c0fd3b45d893,2026-08-26,LinkedIn,Machine Learning Engineer,Senior Applied Machine Learning Engineer,Hewlett Packard Enterprise,"San Jose, CA",Not specified,,Not specified,,2026-08-26,,0,https://www.linkedin.com/jobs/view/senior-applied-machine-learning-engineer-at-hewlett-packard-enterprise-4459120296,,,,,,False,50,Partial,AI unavailable,False
ae6affa0-2aaa-44e2-b0c4-436bf57aa423,50f6544983aac3ba4c7e92cd0f279467,2026-08-26,LinkedIn,Machine Learning Engineer,Machine Learning Engineer,Booz Allen Hamilton,"Arlington, VA",Not specified,,Not specified,,2026-08-26,,0,https://www.linkedin.com/jobs/view/machine-learning-engineer-at-booz-allen-hamilton-4430878930,,,,,,False,50,Partial,AI unavailable,False
ec493921-dac4-4de3-a0e9-8002070b6478,1b85c0510527e5e3dbcf4414fcf527ac,2026-08-26,LinkedIn,Machine Learning Engineer,Applied AI Engineer,NVIDIA,"Texas, United States",Not specified,,Not specified,,2026-08-25,,0,https://www.linkedin.com/jobs/view/applied-ai-engineer-at-nvidia-4445794616,,,,,,False,50,Partial,AI unavailable,False
919e67a2-3326-429d-88b0-28e467fa0827,2f1314587d16cf3ed97a9b40769fee04,2026-08-26,LinkedIn,Machine Learning Engineer,ML Engineer,Haystack,San Diego Metropolitan Area,Not specified,,Not specified,,2026-08-26,,0,https://www.linkedin.com/jobs/view/ml-engineer-at-haystack-4457910671,,,,,,False,50,Partial,AI unavailable,False
7a8d7c73-d066-48ed-ac5d-342179ff9e74,1b3d204e57484b9d388f4a856e0d165d,2026-08-26,LinkedIn,Machine Learning Engineer,Founding AI Engineer,MeeBoss,"San Francisco, CA",Not specified,,Not specified,,2026-08-25,,0,https://www.linkedin.com/jobs/view/founding-ai-engineer-at-meeboss-4459035164,,,,,,False,50,Partial,AI unavailable,False
fdbca147-42a5-4bb8-8b95-c03d500dbd16,912c7b75749be734964334501357c24a,2026-08-26,LinkedIn,Machine Learning Engineer,Machine Learning Engineer,Evlo AI,"Phoenix, AZ",Not specified,,Not specified,,2026-08-25,,0,https://www.linkedin.com/jobs/view/machine-learning-engineer-at-evlo-ai-4457600742,,,,,,False,50,Partial,AI unavailable,False
2367bc53-a620-423b-b9b5-89a2ec3197e3,4e907ab6cad26f292e41d280cb1f55c4,2026-08-26,LinkedIn,Machine Learning Engineer,Machine Learning Engineer,Booz Allen Hamilton,"Washington, DC",Not specified,,Not specified,,2026-08-26,,0,https://www.linkedin.com/jobs/view/machine-learning-engineer-at-booz-allen-hamilton-4430884852,,,,,,False,50,Partial,AI unavailable,False
386f7ae7-3a76-4944-97e7-62e71b9254d3,b7b7b6615d88b6f60f0e8d11bfbcbf77,2026-08-26,LinkedIn,Machine Learning Engineer,Artificial Intelligence/Machine Learning Engineer (Telework elig with Security Clearance,"Wyetech, LLC","Annapolis Junction, MD",Not specified,,Not specified,,2026-08-26,,0,https://www.linkedin.com/jobs/view/artificial-intelligence-machine-learning-engineer-telework-elig-with-security-clearance-at-wyetech-llc-4459189292,,,,,,False,50,Partial,AI unavailable,False
b3897a7c-3937-4811-abd4-ee0f65268082,9cb8fabf6973a07e33e2c2185f04916d,2026-08-26,LinkedIn,Machine Learning Engineer,AI/ML Engineer,Harnham,"San Mateo County, CA",Not specified,,Not specified,,2026-08-26,,0,https://www.linkedin.com/jobs/view/ai-ml-engineer-at-harnham-4457974168,,,,,,False,50,Partial,AI unavailable,False
86212d85-989a-4104-b87b-dfc92ef7860b,c91d2555a67ebf37fa7c32e6d6ed9640,2026-08-26,LinkedIn,Machine Learning Engineer,AI/ ML Software Engineer II,JPMorganChase,"New York, NY",Not specified,,Not specified,,2026-08-26,,0,https://www.linkedin.com/jobs/view/ai-ml-software-engineer-ii-at-jpmorganchase-4459192946,,,,,,False,50,Partial,AI unavailable,False
5ed42454-abf0-4e62-a66e-1e65d72f61dd,256712a9504d21917193c23125b47dc6,2026-08-26,LinkedIn,Machine Learning Engineer,Machine Learning Engineer,Darwill,Greater Chicago Area,Not specified,,Not specified,,2026-08-26,,0,https://www.linkedin.com/jobs/view/machine-learning-engineer-at-darwill-4457919404,,,,,,False,50,Partial,AI unavailable,False
66b000fb-8f40-4f13-9d97-216a6956cc1b,88985b632d3f52a9c7afd6ad910b76af,2026-08-26,LinkedIn,Machine Learning Engineer,Senior Machine Learning Engineer,Roku,"San Jose, CA",Not specified,,Not specified,,2026-08-26,,0,https://www.linkedin.com/jobs/view/senior-machine-learning-engineer-at-roku-4422173374,,,,,,False,50,Partial,AI unavailable,False
dbd8217c-1f7f-4df6-9fa3-d250d42a72a7,69f8c0c8f7b3dec4bb08386353138d15,2026-08-26,LinkedIn,Machine Learning Engineer,AI Engineer - SF,Aegis AI Security,"San Francisco, CA",Not specified,,Not specified,,2026-08-25,,0,https://www.linkedin.com/jobs/view/ai-engineer-sf-at-aegis-ai-security-4459033364,,,,,,False,50,Partial,AI unavailable,False
500ac04b-2457-4d37-b374-3bf578db35df,c111bd55a79e697f22446b6d00968370,2026-08-26,LinkedIn,Machine Learning Engineer,"Member of Technical Staff, Machine Learning_CNTR",PulseRise Technologies,"San Francisco, CA",Not specified,,Not specified,,2026-08-25,,0,https://www.linkedin.com/jobs/view/member-of-technical-staff-machine-learning-cntr-at-pulserise-technologies-4457619845,,,,,,False,50,Partial,AI unavailable,False
dc372f0d-199b-49bd-82ac-5889eb6e38f1,fe8ed58e75d3427b2a60fa34adfc2bdc,2026-08-26,LinkedIn,Machine Learning Engineer,Senior Machine Learning Engineer,Calance,"Los Angeles, CA",Not specified,,Not specified,,2026-08-25,,0,https://www.linkedin.com/jobs/view/senior-machine-learning-engineer-at-calance-4457634006,,,,,,False,50,Partial,AI unavailable,False
3210f463-4bf2-412f-9011-bf870d11b4d8,650f1615906a35ee619ebaa7648bf42d,2026-08-26,LinkedIn,Machine Learning Engineer,"Software Engineer, Systems ML",Meta,"Menlo Park, CA",Not specified,,Not specified,,2026-08-26,,0,https://www.linkedin.com/jobs/view/software-engineer-systems-ml-at-meta-4437672316,,,,,,False,50,Partial,AI unavailable,False
e662981e-341f-4449-96a5-143409df0b8f,777e7c0685e3d519e4dfae23c3234e9b,2026-08-26,LinkedIn,Machine Learning Engineer,Applied AI Engineer,NVIDIA,"Florida, United States",Not specified,,Not specified,,2026-08-25,,0,https://www.linkedin.com/jobs/view/applied-ai-engineer-at-nvidia-4446003164,,,,,,False,50,Partial,AI unavailable,False
0eff078a-4290-430e-86f1-7974a0cad33d,71f5f2fe416694515c3cf3eccdd2a285,2026-08-26,LinkedIn,Machine Learning Engineer,Machine Learning Engineer: Evaluation,Bedrock Robotics,"San Francisco, CA",Not specified,,Not specified,,2026-08-25,,0,https://www.linkedin.com/jobs/view/machine-learning-engineer-evaluation-at-bedrock-robotics-4367573059,,,,,,False,50,Partial,AI unavailable,False
96049351-a2e9-4e20-be73-5dcf45daf1e0,42faca7b90359a2d8e2c8e3ef3dd7242,2026-08-26,LinkedIn,Machine Learning Engineer,Machine Learning Engineer: Evaluation,Bedrock Robotics,"New York, NY",Not specified,,Not specified,,2026-08-25,,0,https://www.linkedin.com/jobs/view/machine-learning-engineer-evaluation-at-bedrock-robotics-4380484519,,,,,,False,50,Partial,AI unavailable,False
b53cd452-b863-4e37-b083-7860a040c1cd,fb4a5182d0308c2aed432193325922d3,2026-08-26,LinkedIn,Machine Learning Engineer,AI / ML Engineer,NTT DATA North America,"Atlanta, GA",Not specified,,Not specified,,2026-08-25,,0,https://www.linkedin.com/jobs/view/ai-ml-engineer-at-ntt-data-north-america-4459029139,,,,,,False,50,Partial,AI unavailable,False
412dc37d-e414-4a14-bb3a-e27a4e12d66f,16fb4e7faf9d5d0059e2054e267ebba8,2026-08-26,LinkedIn,Machine Learning Engineer,ML/AI Engineer,Kelly,San Francisco Bay Area,Not specified,,Not specified,,2026-08-26,,0,https://www.linkedin.com/jobs/view/ml-ai-engineer-at-kelly-4459358029,,,,,,False,50,Partial,AI unavailable,False
41b8e294-fe4a-4774-97d1-92740bf1197f,552441355f83898bcec12f5babc0fc20,2026-08-26,Dice,Machine Learning Engineer,Machine Learning Engineer,Capital One,"Chicago, Illinois • Today",Not specified,,Not specified,,"Chicago, Illinois • Today",,0,https://www.dice.com/job-detail/e501d7fd-be43-448e-906b-9e58bcf354c8,,,,,e501d7fd-be43-448e-906b-9e58bcf354c8,False,50,Partial,AI unavailable,False
bd795993-600f-40ff-ad82-3f6311927c96,7e6dc514f41c333d6f0233eed0e96f02,2026-08-26,Dice,Machine Learning Engineer,Machine Learning Engineer,Capital One,"Chicago, Illinois • Today",Not specified,,Not specified,,"Chicago, Illinois • Today",,0,https://www.dice.com/job-detail/2124311b-31fb-4020-a79f-70fe108a77f6,,,,,2124311b-31fb-4020-a79f-70fe108a77f6,False,50,Partial,AI unavailable,False
90fe2071-8a87-4a56-a45e-11a1119a8db9,70bcfe060314278df0f3af88b6d4b11a,2026-08-26,Dice,Machine Learning Engineer,Machine Learning Engineer,SAIC,"Chantilly, Virginia • Today",Not specified,,Not specified,,"Chantilly, Virginia • Today",,0,https://www.dice.com/job-detail/366f440d-a7c0-4cb8-8e5c-412c9a00be3b,,,,,366f440d-a7c0-4cb8-8e5c-412c9a00be3b,False,50,Partial,AI unavailable,False
ae3d8664-8e0f-4f57-adb8-e32a2edffaaa,bdee7b094c8b4cad607697e1c09cc7d1,2026-08-26,Built In,Machine Learning Engineer,"Machine Learning Engineer III, ML Operations","Machine Learning Engineer III, ML Operations",5 Hours Ago,Not specified,,Not specified,,,,0,https://builtin.com/job/machine-learning-engineer-iii-ml-operations/10846390,,,,,,False,50,Partial,AI unavailable,False
d702a993-6c06-497c-ba2b-0ca4ec966884,97d65e9a25690403700a082ffbedc59b,2026-08-26,Built In,Machine Learning Engineer,Senior AI/ML Engineer,Senior AI/ML Engineer,Reposted 8 Days Ago,Not specified,,Not specified,,,,0,https://builtin.com/job/senior-ai-ml-engineer/9969589,,,,,,False,50,Partial,AI unavailable,False
dc805629-6b88-4c5c-8947-f4342155d7e3,923bb50a4154093a9233ae0235fc880d,2026-08-26,Built In,Machine Learning Engineer,Senior AI/ML Engineer,Senior AI/ML Engineer,Reposted 8 Days Ago,Not specified,,Not specified,,,,0,https://builtin.com/job/senior-ai-ml-engineer/9969605,,,,,,False,50,Partial,AI unavailable,False
5e2b89c1-1cfd-4cc7-8002-c6d8a6d5a4c9,c6cc6b58ce3874a2cae757ce652dad33,2026-08-26,Built In,Machine Learning Engineer,Lead AI/ML Engineer,Lead AI/ML Engineer,Reposted 9 Days Ago,Not specified,,Not specified,,,,0,https://builtin.com/job/lead-ai-ml-engineer/10319389,,,,,,False,50,Partial,AI unavailable,False
ce977d4d-c2d6-4456-aa80-6d0ec731a802,6a4562df03c2106f72eb7634c715579d,2026-08-26,Built In,Machine Learning Engineer,Lead AI/ML Engineer,Lead AI/ML Engineer,Reposted 9 Days Ago,Not specified,,Not specified,,,,0,https://builtin.com/job/lead-ai-ml-engineer/10319385,,,,,,False,50,Partial,AI unavailable,False
329dd13e-8241-4dd8-a5cf-6ec11aa9854d,59005bf72d51e5e2b3096711fb8092c4,2026-08-26,Built In,Machine Learning Engineer,Senior AI/ML Engineer,Senior AI/ML Engineer,Reposted 9 Days Ago,Not specified,,Not specified,,,,0,https://builtin.com/job/senior-ai-ml-engineer/10319384,,,,,,False,50,Partial,AI unavailable,False
106a731e-ed8f-43ec-adfb-a5b9d46a68f2,c97fb515b2ffeab345cca1ea1d7693a3,2026-08-26,Lever,Machine Learning Engineer,"Extreme Networks - Principal Software Development Engineer -Golang,Cloud Networking– 10402",Extremenetworks,USA,Not specified,,Not specified,,,,0,https://jobs.lever.co/extremenetworks/cd2b658e-5430-4913-bd3b-b4e36bf992f7,,,,,cd2b658e-5430-4913-bd3b-b4e36bf992f7,False,80,Valid,AI unavailable,False
5d825bdf-0bb1-4006-87fb-7175419d5454,d12e60c33ee570c244d18e05c274eb90,2026-08-26,Lever,Machine Learning Engineer,"Magnet Forensics - Software Engineer, GKOS",Magnetforensics,USA,Not specified,,Not specified,,,,0,https://jobs.lever.co/magnetforensics/8d402b0c-12b6-4114-bfc9-4ef95f4742e1,,,,,8d402b0c-12b6-4114-bfc9-4ef95f4742e1,False,70,Valid,AI unavailable,False
288238ec-a8c8-451e-b5e8-76896e05c527,a0db4e97e330feedd0a4352ed72b85bf,2026-08-26,Lever,Machine Learning Engineer,TeamSnap - Staff Backend Engineer,Teamsnap,USA,Not specified,,Not specified,,,,0,https://jobs.lever.co/teamsnap/077075ce-80a4-4429-96ab-dd4c22b62136,,,,,077075ce-80a4-4429-96ab-dd4c22b62136,False,70,Valid,AI unavailable,False
03094c5c-24bd-4ba4-8da9-2e87efb004e9,215a418f4c489112ed19ee8d873a8e14,2026-08-26,Lever,Machine Learning Engineer,TTEC Digital - Agentic AI Engineer (Google ADK),Ttecdigital,USA,Not specified,,Not specified,,,,0,https://jobs.lever.co/ttecdigital/17d3f799-6f51-47d1-bffc-79dd970a2577,,,,,17d3f799-6f51-47d1-bffc-79dd970a2577,False,60,Partial,AI unavailable,False
8d2ddc08-833f-45ed-a1b3-b3a1a313dc14,dc7df86e8d3bbf72e97ca5c969195659,2026-08-26,Lever,Machine Learning Engineer,Xpansiv - Qualtiy Assurance Engineer- AI Products,Xpansiv+,USA,Not specified,,Not specified,,,,0,https://jobs.lever.co/Xpansiv+/74915009-0b32-444b-948f-831699ec2d41,,,,,74915009-0b32-444b-948f-831699ec2d41,False,60,Partial,AI unavailable,False
dea1f241-69f4-4d2a-a80b-94100867691d,68c340a5c0ae155475cb6cb274397dab,2026-08-26,Lever,Machine Learning Engineer,"ms consultants, inc. - Senior Project Engineer- Water/Wastewater Treatment",Msconsultants,USA,Not specified,,Not specified,,,,0,https://jobs.lever.co/msconsultants/e5ae1a0f-e554-4260-a815-fd8e0dc440ea,,,,,e5ae1a0f-e554-4260-a815-fd8e0dc440ea,False,60,Partial,AI unavailable,False
9c798e60-d573-4145-873f-d876b43d26eb,7ae88cb6d171099d8fa4e83854d2004d,2026-08-26,Lever,Machine Learning Engineer,GRADION - Site Reliability Engineer (SRE)/ DevOps Engineer (Middle - Senior),Gradion,USA,Not specified,,Not specified,,,,0,https://jobs.lever.co/gradion/de43db1e-4cf6-4ddf-b083-e632e8ed81eb,,,,,de43db1e-4cf6-4ddf-b083-e632e8ed81eb,False,60,Partial,AI unavailable,False
201e0161-ca3d-4d74-bdf7-732aa2e5f384,6874e0447552d20ac7ce6e7511ec8c32,2026-08-26,Lever,Machine Learning Engineer,"Eleks - Senior Java Software Engineer, JR312",Eleks,USA,Not specified,,Not specified,,,,0,https://jobs.lever.co/eleks/5de41c15-6595-4f62-8848-0a5a3c9e811c/apply?lever-origin=applied&lever-source[]=BuiltInNationwide,,,,,5de41c15-6595-4f62-8848-0a5a3c9e811c,False,60,Partial,AI unavailable,False
348ab04c-fc7f-4884-ba51-31465838a3ec,57c83beb297f145b3ff79317dd81e863,2026-08-26,Lever,Machine Learning Engineer,Qrypt - Senior Cloud Engineer,Qrypt,USA,Not specified,,Not specified,,,,0,https://jobs.lever.co/qrypt/545ce743-5432-43b7-a097-e0846ed124ea,,,,,545ce743-5432-43b7-a097-e0846ed124ea,False,60,Partial,AI unavailable,False
a784d055-a987-4180-9260-9eb26016ecc3,7c23d3fb835245c3d76ab320ad7d4300,2026-08-26,Lever,Machine Learning Engineer,Kobie Marketing - AI Engineer,Kobie,USA,Not specified,,Not specified,,,,0,https://jobs.lever.co/kobie/d14582bd-64a2-439e-a7e3-a50ce7270a3d/apply?lever-origin=applied&lever-source[]=Jobgether,,,,,d14582bd-64a2-439e-a7e3-a50ce7270a3d,False,55,Partial,AI unavailable,False
67155082-8d2b-4bbf-9a5a-b050294beade,f3c4559e6b008fa2caa8550d0ee3bd34,2026-08-26,Lever,Machine Learning Engineer,Jobgether - Cloud Engineer,Jobgether,USA,Not specified,,Not specified,,,,0,https://jobs.lever.co/jobgether/3f5b57f8-e934-4a9a-a19b-5add407aeab4/apply,,,,,3f5b57f8-e934-4a9a-a19b-5add407aeab4,False,60,Partial,AI unavailable,False
4f9aad43-3363-4079-9bf7-0dc399f33330,6ebd0d2df1ca224008daf8eba1d271a0,2026-08-26,LinkedIn,Databricks Engineer,Databricks Engineer and Architect,Lincoln Financial,"Radnor, PA",Not specified,,Not specified,,2026-08-26,,0,https://www.linkedin.com/jobs/view/databricks-engineer-and-architect-at-lincoln-financial-4380114159,,,,,,False,50,Partial,AI unavailable,False
7c9fe76d-20fe-4ca7-8b50-4bfc0706acaa,f1c7ab9dc78d660d0c3cb4df0ac07268,2026-08-26,LinkedIn,Databricks Engineer,Senior Data Engineer (Apache Spark & Databricks),Synechron,San Francisco Bay Area,Not specified,,Not specified,,2026-08-26,,0,https://www.linkedin.com/jobs/view/senior-data-engineer-apache-spark-databricks-at-synechron-4457207127,,,,,,False,50,Partial,AI unavailable,False
e0179a3b-5072-4ca1-a03a-d32acede2aba,7e1ecd24227e8a2e63f05736891e1bc2,2026-08-26,LinkedIn,Databricks Engineer,Senior Data Engineer - Databricks,Revature,"Washington, DC",Not specified,,Not specified,,2026-08-26,,0,https://www.linkedin.com/jobs/view/senior-data-engineer-databricks-at-revature-4457958004,,,,,,False,50,Partial,AI unavailable,False
a9b2ced5-e4e9-42c7-ba3a-bfc5a76c2539,23d79b0edad75b29c24158cf113490fa,2026-08-26,LinkedIn,Databricks Engineer,Data Engineer,Tata Consultancy Services,"Irvine, CA",Not specified,,Not specified,,2026-08-26,,0,https://www.linkedin.com/jobs/view/data-engineer-at-tata-consultancy-services-4439936231,,,,,,False,50,Partial,AI unavailable,False
16aac835-4dd7-49f9-bedf-7dd94b336f3c,92637dcaa57173b4ee78c71c23edf5ff,2026-08-26,LinkedIn,Databricks Engineer,Data Engineer,FOTOMILL STUDIOS LIMITED,"Suitland, MD",Not specified,,Not specified,,2026-08-25,,0,https://www.linkedin.com/jobs/view/data-engineer-at-fotomill-studios-limited-4459049620,,,,,,False,50,Partial,AI unavailable,False
1a8d471d-8705-4bec-8dd9-4ffda9fe6284,c5920831b0f2e46481355b228f854c40,2026-08-26,LinkedIn,Databricks Engineer,Data Architect,Visionary Innovative Technology Solutions LLC,"Irving, TX",Not specified,,Not specified,,2026-08-26,,0,https://www.linkedin.com/jobs/view/data-architect-at-visionary-innovative-technology-solutions-llc-4457289420,,,,,,False,50,Partial,AI unavailable,False
34614e55-67c0-48e2-94e5-4e2841c0a8c3,09f3f5f86b2624427d5f5aa6ddaf556c,2026-08-26,LinkedIn,Databricks Engineer,Forward Deployed Data Engineer - Databricks,Accenture Federal Services,"Washington, DC",Not specified,,Not specified,,2026-08-26,,0,https://www.linkedin.com/jobs/view/forward-deployed-data-engineer-databricks-at-accenture-federal-services-4433587019,,,,,,False,50,Partial,AI unavailable,False
7135d840-0fa0-4b13-9da2-2b7e58027b33,b664ea7e08a0415a63398c7d1f9e6d65,2026-08-26,LinkedIn,Databricks Engineer,Data Engineer,PHT Staffing LLC,"Dallas, TX",Not specified,,Not specified,,2026-08-26,,0,https://www.linkedin.com/jobs/view/data-engineer-at-pht-staffing-llc-4457974029,,,,,,False,50,Partial,AI unavailable,False
282a6c42-ba98-4645-84e2-92ade4e24bdc,9f48eea9e289071a15e06582117de7e5,2026-08-26,LinkedIn,Databricks Engineer,Databricks Architect,Programmers.io,"Minneapolis, MN",Not specified,,Not specified,,2026-08-26,,0,https://www.linkedin.com/jobs/view/databricks-architect-at-programmers-io-4457968323,,,,,,False,50,Partial,AI unavailable,False
1257833c-288f-4589-a6cd-191d84a0d234,707d1360be69284536e6763e93a93bda,2026-08-26,LinkedIn,Databricks Engineer,Data Engineer (WDP),"Bespoke Technologies, Inc.","Herndon, VA",Not specified,,Not specified,,2026-08-26,,0,https://www.linkedin.com/jobs/view/data-engineer-wdp-at-bespoke-technologies-inc-4449011396,,,,,,False,50,Partial,AI unavailable,False
b5835af1-311e-4d6d-b9e0-1bbe73882239,6c3fcbf7bf7df7aa20aa44be6677bb43,2026-08-26,LinkedIn,Databricks Engineer,Senior Data Engineer — AWS & Databricks,Arkhya Tech. Inc.,"Seattle, WA",Not specified,,Not specified,,2026-08-25,,0,https://www.linkedin.com/jobs/view/senior-data-engineer-%E2%80%94-aws-databricks-at-arkhya-tech-inc-4459042653,,,,,,False,50,Partial,AI unavailable,False
27fd94bf-2bc7-4d80-8521-9733b0d52d72,24f9036cf003fb0b01ac3d69f1d8771b,2026-08-26,LinkedIn,Databricks Engineer,Data Engineer - AI/ML,Veritas Search Group,"Tustin, CA",Not specified,,Not specified,,2026-08-26,,0,https://www.linkedin.com/jobs/view/data-engineer-ai-ml-at-veritas-search-group-4459118089,,,,,,False,50,Partial,AI unavailable,False
de260fbb-13d8-489e-8ab8-a8ff7c68e5d5,40a460a7a34c36be89be86620a938dd2,2026-08-26,Dice,Databricks Engineer,Databricks Engineer,Booz Allen Hamilton,"McLean, Virginia • Today",Not specified,,Not specified,,"McLean, Virginia • Today",,0,https://www.dice.com/job-detail/0b2dfa9a-1933-4613-9c09-0827a308c3d2,,,,,0b2dfa9a-1933-4613-9c09-0827a308c3d2,False,50,Partial,AI unavailable,False
856a5acc-9b78-48f4-8163-455372ee421a,0b0480ce99fca32461629e33d0aebda2,2026-08-26,Dice,Databricks Engineer,Databricks Engineer,Virtualan Software,"Remote or Hybrid in Chicago, Illinois • Yesterday",Remote,,Not specified,,"Remote or Hybrid in Chicago, Illinois • Yesterday",,0,https://www.dice.com/job-detail/c2b40836-8b67-4f8c-8822-2fec8ca5540e,,,,,c2b40836-8b67-4f8c-8822-2fec8ca5540e,False,50,Partial,AI unavailable,False
110c4a96-d649-47da-9361-ed962dd29eee,81cca73cd7e3a1f053757ee801273a9f,2026-08-26,Dice,Databricks Engineer,Databricks Engineer,Voto Consulting LLC,"Hybrid in Charlotte, North Carolina • Yesterday",Not specified,,Not specified,,"Hybrid in Charlotte, North Carolina • Yesterday",,0,https://www.dice.com/job-detail/a4955830-5b1e-4c03-bca9-bdc6cf139566,,,,,a4955830-5b1e-4c03-bca9-bdc6cf139566,False,50,Partial,AI unavailable,False
4492e801-0ddf-4229-a63a-3e64f41d9f54,483854727963eb4fcf88fb6f9ed6649c,2026-08-26,Built In,Databricks Engineer,Data Engineer (Databricks),Data Engineer (Databricks),6 Hours Ago,Not specified,,Not specified,,,,0,https://builtin.com/job/data-engineer-databricks/10845737,,,,,,False,50,Partial,AI unavailable,False
d56a41c3-b692-4e78-96fb-23167e6ce003,b9c76e110ac64e57e41615b7bd51e329,2026-08-26,Built In,Databricks Engineer,"Senior Databricks Engineer, Apache Spark and AWS - Vice President","Senior Databricks Engineer, Apache Spark and AWS -",9 Hours Ago,Not specified,,Not specified,,,,0,https://builtin.com/job/senior-databricks-engineer-apache-spark-and-aws-vice-president/10844759,,,,,,False,50,Partial,AI unavailable,False
ee899784-ae98-48af-be8f-193d3725b0c6,362df5e08a3a69cdf0b3417045d3e2e6,2026-08-26,Built In,Databricks Engineer,Data Engineer - Azure Databricks,Data Engineer - Azure Databricks,17 Hours Ago,Not specified,,Not specified,,,,0,https://builtin.com/job/data-engineer-azure-databricks/10842822,,,,,,False,50,Partial,AI unavailable,False
6de90b4b-39ad-4f5c-84c9-493d28f6375c,7d5d660c6c56ca820375a4d3a8dcea6a,2026-08-26,Built In,Databricks Engineer,Databricks Data Engineer - Bengaluru,Databricks Data Engineer - Bengaluru,Reposted 7 Days Ago,Not specified,,Not specified,,,,0,https://builtin.com/job/databricks-data-engineer-bengaluru/10304310,,,,,,False,50,Partial,AI unavailable,False
7a8a1a68-5412-46f4-b410-2a87e4887d98,9f21718ee75fe3aa833325b93d251759,2026-08-26,Lever,Databricks Engineer,Jobgether - Cloud Engineer,Jobgether,USA,Not specified,,Not specified,,,,0,https://jobs.lever.co/jobgether/9764790c-3781-4d7c-aee2-e0f414dd6eeb/apply,,,,,9764790c-3781-4d7c-aee2-e0f414dd6eeb,False,60,Partial,AI unavailable,False
eed0a5dd-34a3-4a63-89bf-6dd85d26bc69,bb2a3d0f331f0d455aaff4ac10163335,2026-08-26,Lever,Databricks Engineer,Sonatype - Senior Data Analyst,Sonatype,USA,Not specified,,Not specified,,,,0,https://jobs.lever.co/sonatype/77f8575b-e598-4ee5-a066-93597d42f21a,,,,,77f8575b-e598-4ee5-a066-93597d42f21a,False,55,Partial,AI unavailable,False
f4030a97-8716-4283-a9b1-ed8ec9a986b3,f3de3cc6d826c3a3d19fc694e187ee47,2026-08-26,Lever,Databricks Engineer,Collectly - Senior Product Data Analyst (remote from GMT-7 to GMT+4 timezones),Collectlyinc,USA,Not specified,,Not specified,,,,0,https://jobs.lever.co/CollectlyInc/d28eb014-ec97-454c-ae0d-9d8c1bbc1bd8,,,,,d28eb014-ec97-454c-ae0d-9d8c1bbc1bd8,False,60,Partial,AI unavailable,False
0a0151d9-ca57-4611-858e-98bc0d75d153,da6b1992666af41409e338fde2df3492,2026-08-26,Lever,Databricks Engineer,"Airalo - Senior Data Analyst, Product and Business",Airalo,USA,Not specified,,Not specified,,,,0,https://jobs.lever.co/airalo/46bdbdd9-bf61-4235-95ec-14a157346c48/,,,,,46bdbdd9-bf61-4235-95ec-14a157346c48,False,60,Partial,AI unavailable,False
10b67dc6-0045-4334-9297-41a946243471,2a1c79fb77fc9b279750a5b6753aeaad,2026-08-26,Lever,Databricks Engineer,SteerBridge - Data Analyst,Steerbridge,USA,Not specified,,Not specified,,,,0,https://jobs.lever.co/steerbridge/441af865-7343-48e4-88d2-4c45c2b67276/apply,,,,,441af865-7343-48e4-88d2-4c45c2b67276,False,60,Partial,AI unavailable,False
1cb0f7c9-de36-46c8-9f31-ef6c61be8c13,2ab25a1ed2ca9b23d739bc14f5c4c1ea,2026-08-26,LinkedIn,Spark Developer,Software Engineer [Multiple Positions Available],JPMorganChase,"Wilmington, DE",Not specified,,Not specified,,2026-08-26,,0,https://www.linkedin.com/jobs/view/software-engineer-multiple-positions-available-at-jpmorganchase-4459098528,,,,,,False,50,Partial,AI unavailable,False
ea7a04ad-39a5-4f6f-9d26-b77a5a353f82,d447d5cd8ea655758076f6c7cec8f84b,2026-08-26,LinkedIn,Spark Developer,Hadoop Developer,"Pyramid Consulting, Inc","North Carolina, United States",Not specified,,Not specified,,2026-08-25,,0,https://www.linkedin.com/jobs/view/hadoop-developer-at-pyramid-consulting-inc-4457522254,,,,,,False,50,Partial,AI unavailable,False
37a1e1f8-c91d-4768-9873-43fa52678214,df7599a4f407e7e1c063fde901e79609,2026-08-26,LinkedIn,Spark Developer,"Software Engineer (Java, Spark, BigData) - W2 only & Remote","Redolent, Inc","Bentonville, AR",Not specified,,Not specified,,2026-08-26,,0,https://www.linkedin.com/jobs/view/software-engineer-java-spark-bigdata-w2-only-remote-at-redolent-inc-4456987349,,,,,,False,50,Partial,AI unavailable,False
94a24eab-4dc8-43f2-bc5b-7177e806a8f9,f8db4a96049a275c7a1d5ebdbc5f86fc,2026-08-26,Dice,Spark Developer,Spark Developer,Talentrix AI INC,"Wilmington, Delaware • Today",Not specified,,Not specified,,"Wilmington, Delaware • Today",,0,https://www.dice.com/job-detail/1ada912c-dc5a-4146-b1e4-0934e22c582b,,,,,1ada912c-dc5a-4146-b1e4-0934e22c582b,False,50,Partial,AI unavailable,False
6b3e881e-33bf-4395-8527-1aed5444b26b,89e867a5ed0b894855cd6607e3320846,2026-08-26,Dice,Spark Developer,Spark Developer,AspireIT Solutions,"Manor, Texas • 5d ago",Not specified,,Not specified,,"Manor, Texas • 5d ago",,0,https://www.dice.com/job-detail/964a72d6-0d58-4969-afe5-8969bc36f5f5,,,,,964a72d6-0d58-4969-afe5-8969bc36f5f5,False,50,Partial,AI unavailable,False
95bb58d9-272e-4552-a177-254bc47d936d,2a3e9a69c1657af34258a7419c5b525f,2026-08-26,Built In,Spark Developer,Java Spark Developer - Market Risk - Vice President,Java Spark Developer - Market Risk - Vice Presiden,Reposted 16 Days Ago,Not specified,,Not specified,,,,0,https://builtin.com/job/java-spark-developer-market-risk-vice-president/8939560,,,,,,False,50,Partial,AI unavailable,False
9047b10f-b6f1-46a6-8480-ec4e0fecd933,8fc952c60643d99f464fb29804caf95f,2026-08-26,Built In,Spark Developer,Senior Developer - Python and Spark,Senior Developer - Python and Spark,Reposted 17 Days Ago,Not specified,,Not specified,,,,0,https://builtin.com/job/senior-developer-python-and-spark/10067271,,,,,,False,50,Partial,AI unavailable,False
aa363546-cb8f-4821-8b8d-61f7db894823,892ea7d42bb1ea8d4486ca52944d77a0,2026-08-26,Built In,Spark Developer,Spark Developer,Spark Developer,Reposted 18 Days Ago,Not specified,,Not specified,,,,0,https://builtin.com/job/spark-developer/9791749,,,,,,False,50,Partial,AI unavailable,False
1d3b3648-c8de-41df-bbf1-c1e72848b9d7,e49b87ed3428bd34315ed2bb11449a37,2026-08-26,Built In,Spark Developer,Java Developer with Spark,Java Developer with Spark,21 Days Ago,Not specified,,Not specified,,,,0,https://builtin.com/job/java-developer-spark/10525811,,,,,,False,50,Partial,AI unavailable,False
06e07872-1d65-411a-b19a-11de1e694ebb,8e2549905cbc128302c73218a8cfd4b2,2026-08-26,Built In,Spark Developer,Java Spark Developer -Market Risk - Vice President,Java Spark Developer -Market Risk - Vice President,Reposted 22 Days Ago,Not specified,,Not specified,,,,0,https://builtin.com/job/java-spark-developer-market-risk-vice-president/8939543,,,,,,False,50,Partial,AI unavailable,False
07b7b668-2b26-42ae-bbf9-1b3277abcd76,2fb7e8fa66271a2b37588ad446c22754,2026-08-26,Lever,Spark Developer,Jobgether - Mobile Game Developer,Jobgether,USA,Not specified,,Not specified,,,,0,https://jobs.lever.co/jobgether/edbfa8ec-379c-4001-94a9-2b5182409a25,,,,,edbfa8ec-379c-4001-94a9-2b5182409a25,False,55,Partial,AI unavailable,False
64d67dd4-6a23-463a-a1c7-b310084f2942,708580fa16df0fb834e0be1b7f8204d3,2026-08-26,Lever,Spark Developer,Istari Digital - Field Marketing Manager,Istaridigital.Ai,USA,Not specified,,Not specified,,,,0,https://jobs.lever.co/istaridigital.ai/729ec455-bf0a-4ff1-85a5-39cc72302230,,,,,729ec455-bf0a-4ff1-85a5-39cc72302230,False,60,Partial,AI unavailable,False
